filename,species,split,label
xc956376_22871.wav,White-breasted Waterhen,train,9
xc748185_39502.wav,Spotted Dove,train,8
xc788042_2998.wav,Common Tailorbird,train,3
xc164692_8389.wav,Collared Kingfisher,train,1
xc710635_3938.wav,Spotted Dove,train,8
xc35654_2177.wav,Common Iora,train,2
xc858215_6356.wav,Olive-backed Sunbird,train,6
xc197869_611.wav,Common Iora,train,2
xc717548_981.wav,Asian Koel,train,0
xc1071873_45871.wav,Pied Fantail,train,7
xc311306_22741.wav,White-throated Kingfisher,train,10
xc620130_6139.wav,Coppersmith Barbet,train,4
xc19752_1292.wav,Large-tailed Nightjar,train,5
xc179229_68687.wav,Asian Koel,train,0
xc906828_2593.wav,White-breasted Waterhen,train,9
xc35653_26824.wav,Common Iora,train,2
xc397623_12046.wav,Olive-backed Sunbird,train,6
xc547506_11695.wav,White-throated Kingfisher,train,10
xc971698_28.wav,Coppersmith Barbet,train,4
xc616401_32111.wav,Yellow-vented Bulbul,train,11
xc595461_108.wav,Spotted Dove,train,8
xc987419_10959.wav,White-throated Kingfisher,train,10
xc290932_58485.wav,Olive-backed Sunbird,train,6
xc290513_9402.wav,Asian Koel,train,0
xc835407_9031.wav,Olive-backed Sunbird,train,6
xc150003_9071.wav,Yellow-vented Bulbul,train,11
xc311271_14109.wav,Asian Koel,train,0
xc902374_36849.wav,Common Iora,train,2
xc533623_18790.wav,White-throated Kingfisher,train,10
xc533623_37923.wav,White-throated Kingfisher,train,10
xc600906_17360.wav,Common Iora,train,2
xc575558_17149.wav,Collared Kingfisher,train,1
xc187429_18483.wav,Common Iora,train,2
xc190962_51335.wav,Spotted Dove,train,8
xc161163_12598.wav,Coppersmith Barbet,train,4
xc40038_6448.wav,Olive-backed Sunbird,train,6
xc187343_25195.wav,Yellow-vented Bulbul,train,11
xc787532_5632.wav,Pied Fantail,train,7
xc369243_25463.wav,White-throated Kingfisher,train,10
xc835409_14413.wav,Olive-backed Sunbird,train,6
xc671743_3149.wav,Coppersmith Barbet,train,4
xc42618_986.wav,Collared Kingfisher,train,1
xc498802_12998.wav,White-throated Kingfisher,train,10
xc1019748_44942.wav,Spotted Dove,train,8
xc810648_5915.wav,Large-tailed Nightjar,train,5
xc78288_3118.wav,Spotted Dove,train,8
xc583630_10098.wav,White-breasted Waterhen,train,9
xc862635_11392.wav,Asian Koel,train,0
xc290679_19799.wav,Common Iora,train,2
xc649544_48158.wav,Pied Fantail,train,7
xc269431_27712.wav,Olive-backed Sunbird,train,6
xc426432_1019.wav,Large-tailed Nightjar,train,5
xc86947_14737.wav,Collared Kingfisher,train,1
xc940167_28800.wav,Collared Kingfisher,train,1
xc216876_15867.wav,Common Iora,train,2
xc152652_19313.wav,White-breasted Waterhen,train,9
xc474093_3000.wav,Spotted Dove,train,8
xc845720_23462.wav,White-throated Kingfisher,train,10
xc956418_7666.wav,White-breasted Waterhen,train,9
xc897847_16097.wav,Common Tailorbird,train,3
xc20267_11843.wav,Asian Koel,train,0
xc607934_8827.wav,Pied Fantail,train,7
xc359639_2505.wav,Olive-backed Sunbird,train,6
xc665269_27449.wav,Coppersmith Barbet,train,4
xc620131_23228.wav,Coppersmith Barbet,train,4
xc756512_3270.wav,Yellow-vented Bulbul,train,11
xc1041026_27256.wav,Asian Koel,train,0
xc616402_40651.wav,Yellow-vented Bulbul,train,11
xc196143_2204.wav,Yellow-vented Bulbul,train,11
xc616402_34163.wav,Yellow-vented Bulbul,train,11
xc197869_8321.wav,Common Iora,train,2
xc1030707_28127.wav,Common Tailorbird,train,3
xc732059_15479.wav,Spotted Dove,train,8
xc835395_11687.wav,Olive-backed Sunbird,train,6
xc365384_32742.wav,Coppersmith Barbet,train,4
xc365385_53826.wav,White-throated Kingfisher,train,10
xc893348_35713.wav,Common Tailorbird,train,3
xc151312_32537.wav,Common Iora,train,2
xc192027_12384.wav,Collared Kingfisher,train,1
xc906272_50251.wav,Common Iora,train,2
xc290679_6248.wav,Common Iora,train,2
xc963858_6351.wav,Asian Koel,train,0
xc845311_3279.wav,White-breasted Waterhen,train,9
xc788329_31002.wav,Common Iora,train,2
xc59702_0.wav,Yellow-vented Bulbul,train,11
xc192165_27508.wav,Pied Fantail,train,7
xc919673_50530.wav,Common Tailorbird,train,3
xc187343_15803.wav,Yellow-vented Bulbul,train,11
xc151312_14112.wav,Common Iora,train,2
xc96539_4283.wav,Common Iora,train,2
xc353099_23777.wav,Large-tailed Nightjar,train,5
xc26252_29399.wav,Common Iora,train,2
xc978467_27229.wav,Collared Kingfisher,train,1
xc810645_1546.wav,Large-tailed Nightjar,train,5
xc782697_23947.wav,Yellow-vented Bulbul,train,11
xc857059_30169.wav,Coppersmith Barbet,train,4
xc185772_56799.wav,Yellow-vented Bulbul,train,11
xc721129_7435.wav,Spotted Dove,train,8
xc149687_22285.wav,Coppersmith Barbet,train,4
xc755258_9149.wav,Large-tailed Nightjar,train,5
xc362047_13253.wav,Large-tailed Nightjar,train,5
xc957165_12621.wav,Large-tailed Nightjar,train,5
xc402013_52441.wav,Collared Kingfisher,train,1
xc26251_34935.wav,Common Iora,train,2
xc580882_6046.wav,Yellow-vented Bulbul,train,11
xc19647_89.wav,Common Tailorbird,train,3
xc161258_60391.wav,Spotted Dove,train,8
xc597327_23725.wav,Large-tailed Nightjar,train,5
xc995636_10005.wav,Asian Koel,train,0
xc910592_38477.wav,White-breasted Waterhen,train,9
xc835409_8073.wav,Olive-backed Sunbird,train,6
xc555514_14979.wav,Common Tailorbird,train,3
xc977990_781.wav,Collared Kingfisher,train,1
xc530839_20875.wav,Coppersmith Barbet,train,4
xc782696_7644.wav,Collared Kingfisher,train,1
xc311308_9402.wav,White-throated Kingfisher,train,10
xc477488_9186.wav,Yellow-vented Bulbul,train,11
xc205792_9981.wav,Collared Kingfisher,train,1
xc711521_22074.wav,Common Iora,train,2
xc595461_24650.wav,Spotted Dove,train,8
xc461218_43606.wav,Yellow-vented Bulbul,train,11
xc213367_33214.wav,White-throated Kingfisher,train,10
xc214418_53414.wav,Common Iora,train,2
xc956393_9285.wav,White-breasted Waterhen,train,9
xc541302_2579.wav,Yellow-vented Bulbul,train,11
xc933063_4603.wav,Olive-backed Sunbird,train,6
xc582931_9583.wav,Pied Fantail,train,7
xc197605_27864.wav,White-throated Kingfisher,train,10
xc823426_51800.wav,Pied Fantail,train,7
xc1038548_3285.wav,Pied Fantail,train,7
xc956392_45703.wav,White-breasted Waterhen,train,9
xc166251_37767.wav,Asian Koel,train,0
xc802979_53835.wav,Yellow-vented Bulbul,train,11
xc877083_185.wav,White-throated Kingfisher,train,10
xc756510_63612.wav,Yellow-vented Bulbul,train,11
xc244136_4609.wav,White-throated Kingfisher,train,10
xc68831_21697.wav,Olive-backed Sunbird,train,6
xc934683_30897.wav,Pied Fantail,train,7
xc192027_7760.wav,Collared Kingfisher,train,1
xc1029676_50085.wav,Common Iora,train,2
xc531612_3000.wav,Asian Koel,train,0
xc797864_1630.wav,Coppersmith Barbet,train,4
xc956426_32503.wav,White-breasted Waterhen,train,9
xc216876_8861.wav,Common Iora,train,2
xc68676_22824.wav,Coppersmith Barbet,train,4
xc290641_34257.wav,Yellow-vented Bulbul,train,11
xc723978_17653.wav,Common Tailorbird,train,3
xc871033_27692.wav,Pied Fantail,train,7
xc92076_4157.wav,Common Iora,train,2
xc938419_201.wav,Olive-backed Sunbird,train,6
xc151312_4476.wav,Common Iora,train,2
xc1029676_24792.wav,Common Iora,train,2
xc164689_28893.wav,Collared Kingfisher,train,1
xc754470_7574.wav,Common Tailorbird,train,3
xc936859_60260.wav,Pied Fantail,train,7
xc1041026_32201.wav,Asian Koel,train,0
xc720544_16427.wav,White-throated Kingfisher,train,10
xc782712_18971.wav,Yellow-vented Bulbul,train,11
xc21133_16965.wav,Common Tailorbird,train,3
xc835388_25271.wav,Olive-backed Sunbird,train,6
xc897847_23584.wav,Common Tailorbird,train,3
xc723482_9185.wav,Spotted Dove,train,8
xc68830_29443.wav,Olive-backed Sunbird,train,6
xc862837_35741.wav,Common Tailorbird,train,3
xc217355_651.wav,Collared Kingfisher,train,1
xc290697_1298.wav,Common Tailorbird,train,3
xc343311_0.wav,Pied Fantail,train,7
xc619116_27001.wav,Olive-backed Sunbird,train,6
xc325283_9487.wav,Collared Kingfisher,train,1
xc1050124_2408.wav,Coppersmith Barbet,train,4
xc68830_4902.wav,Olive-backed Sunbird,train,6
xc841872_7452.wav,Spotted Dove,train,8
xc748185_35077.wav,Spotted Dove,train,8
xc436748_317.wav,White-throated Kingfisher,train,10
xc797030_38035.wav,Yellow-vented Bulbul,train,11
xc167084_7109.wav,Yellow-vented Bulbul,train,11
xc365385_47482.wav,White-throated Kingfisher,train,10
xc183486_95564.wav,Common Tailorbird,train,3
xc835388_22264.wav,Olive-backed Sunbird,train,6
xc530844_9927.wav,Coppersmith Barbet,train,4
xc38821_3627.wav,Common Iora,train,2
xc963967_34717.wav,Large-tailed Nightjar,train,5
xc268331_15264.wav,Common Iora,train,2
xc1006540_281.wav,Common Tailorbird,train,3
xc984319_27760.wav,Large-tailed Nightjar,train,5
xc896209_25925.wav,Collared Kingfisher,train,1
xc600906_20847.wav,Common Iora,train,2
xc842519_3000.wav,White-breasted Waterhen,train,9
xc192026_15414.wav,Collared Kingfisher,train,1
xc721251_21021.wav,Pied Fantail,train,7
xc956418_25510.wav,White-breasted Waterhen,train,9
xc1048464_3272.wav,Pied Fantail,train,7
xc547513_26418.wav,Common Tailorbird,train,3
xc369566_6704.wav,Collared Kingfisher,train,1
xc730877_7149.wav,Pied Fantail,train,7
xc171263_16923.wav,Common Tailorbird,train,3
xc124365_9155.wav,Large-tailed Nightjar,train,5
xc207964_11001.wav,Olive-backed Sunbird,train,6
xc986635_9000.wav,Olive-backed Sunbird,train,6
xc1030462_15626.wav,White-breasted Waterhen,train,9
xc787531_52117.wav,Pied Fantail,train,7
xc166850_327.wav,Collared Kingfisher,train,1
xc350583_20762.wav,Pied Fantail,train,7
xc161477_19181.wav,Common Iora,train,2
xc756511_72664.wav,Yellow-vented Bulbul,train,11
xc649545_16616.wav,Pied Fantail,train,7
xc583144_18031.wav,White-breasted Waterhen,train,9
xc987636_3974.wav,Common Tailorbird,train,3
xc834669_27071.wav,Common Tailorbird,train,3
xc845705_66687.wav,Olive-backed Sunbird,train,6
xc721346_13076.wav,Common Tailorbird,train,3
xc166251_25002.wav,Asian Koel,train,0
xc501959_138386.wav,Yellow-vented Bulbul,train,11
xc707529_1122.wav,Common Iora,train,2
xc767766_11936.wav,White-breasted Waterhen,train,9
xc937130_13861.wav,Pied Fantail,train,7
xc151136_10485.wav,Collared Kingfisher,train,1
xc167083_15470.wav,Yellow-vented Bulbul,train,11
xc841872_29369.wav,Spotted Dove,train,8
xc619116_665.wav,Olive-backed Sunbird,train,6
xc204069_27262.wav,Yellow-vented Bulbul,train,11
xc88719_40219.wav,Common Iora,train,2
xc834670_19209.wav,Common Tailorbird,train,3
xc426432_17182.wav,Large-tailed Nightjar,train,5
xc616994_12055.wav,Asian Koel,train,0
xc616396_18000.wav,Olive-backed Sunbird,train,6
xc124350_51567.wav,Common Iora,train,2
xc720544_35930.wav,White-throated Kingfisher,train,10
xc827000_23389.wav,Common Iora,train,2
xc956403_6670.wav,White-breasted Waterhen,train,9
xc1029676_28658.wav,Common Iora,train,2
xc1046270_17710.wav,Spotted Dove,train,8
xc24588_3229.wav,Pied Fantail,train,7
xc834666_30442.wav,Common Tailorbird,train,3
xc956404_64959.wav,White-breasted Waterhen,train,9
xc706576_35847.wav,Common Iora,train,2
xc845720_56376.wav,White-throated Kingfisher,train,10
xc439490_15239.wav,Yellow-vented Bulbul,train,11
xc161258_43324.wav,Spotted Dove,train,8
xc297269_24483.wav,Common Iora,train,2
xc578004_38278.wav,Yellow-vented Bulbul,train,11
xc717548_9788.wav,Asian Koel,train,0
xc786033_5364.wav,Asian Koel,train,0
xc447294_17362.wav,White-breasted Waterhen,train,9
xc35836_353.wav,Olive-backed Sunbird,train,6
xc185648_17854.wav,Spotted Dove,train,8
xc343310_26587.wav,Pied Fantail,train,7
xc1002930_20630.wav,Spotted Dove,train,8
xc359359_14491.wav,Coppersmith Barbet,train,4
xc461218_15966.wav,Yellow-vented Bulbul,train,11
xc812731_61149.wav,Asian Koel,train,0
xc477488_3186.wav,Yellow-vented Bulbul,train,11
xc721129_19435.wav,Spotted Dove,train,8
xc1003535_0.wav,Spotted Dove,train,8
xc956391_46743.wav,White-breasted Waterhen,train,9
xc893348_9711.wav,Common Tailorbird,train,3
xc721129_10435.wav,Spotted Dove,train,8
xc269435_28587.wav,Collared Kingfisher,train,1
xc664308_7801.wav,Common Iora,train,2
xc183486_82045.wav,Common Tailorbird,train,3
xc988109_27124.wav,Large-tailed Nightjar,train,5
xc530839_17557.wav,Coppersmith Barbet,train,4
xc802979_21645.wav,Yellow-vented Bulbul,train,11
xc842013_24000.wav,Coppersmith Barbet,train,4
xc31621_8405.wav,White-throated Kingfisher,train,10
xc971698_6028.wav,Coppersmith Barbet,train,4
xc25978_20382.wav,Large-tailed Nightjar,train,5
xc879491_20971.wav,Spotted Dove,train,8
xc214418_12588.wav,Common Iora,train,2
xc956355_15450.wav,White-breasted Waterhen,train,9
xc1005485_8968.wav,Asian Koel,train,0
xc213367_24740.wav,White-throated Kingfisher,train,10
xc207665_351.wav,White-throated Kingfisher,train,10
xc710634_22094.wav,Spotted Dove,train,8
xc181992_20332.wav,Asian Koel,train,0
xc812737_14279.wav,Asian Koel,train,0
xc460165_16364.wav,White-throated Kingfisher,train,10
xc956376_25871.wav,White-breasted Waterhen,train,9
xc956691_526.wav,Large-tailed Nightjar,train,5
xc125392_46845.wav,White-throated Kingfisher,train,10
xc516499_5386.wav,Common Iora,train,2
xc841872_2486.wav,Spotted Dove,train,8
xc311399_337.wav,Common Tailorbird,train,3
xc152651_19459.wav,Pied Fantail,train,7
xc802979_26410.wav,Yellow-vented Bulbul,train,11
xc314337_5340.wav,Asian Koel,train,0
xc189123_0.wav,White-throated Kingfisher,train,10
xc883918_810.wav,Common Tailorbird,train,3
xc27261_3015.wav,Coppersmith Barbet,train,4
xc724736_15158.wav,Spotted Dove,train,8
xc838780_10852.wav,Olive-backed Sunbird,train,6
xc953307_2543.wav,Asian Koel,train,0
xc842519_9000.wav,White-breasted Waterhen,train,9
xc501959_273068.wav,Yellow-vented Bulbul,train,11
xc461218_12966.wav,Yellow-vented Bulbul,train,11
xc1005908_412.wav,Coppersmith Barbet,train,4
xc828236_13336.wav,Large-tailed Nightjar,train,5
xc875644_345.wav,Coppersmith Barbet,train,4
xc635320_37187.wav,Asian Koel,train,0
xc161439_0.wav,Coppersmith Barbet,train,4
xc284524_7081.wav,White-breasted Waterhen,train,9
xc204552_13996.wav,Olive-backed Sunbird,train,6
xc174985_1219.wav,Common Iora,train,2
xc369566_9708.wav,Collared Kingfisher,train,1
xc594951_762.wav,Asian Koel,train,0
xc369243_5490.wav,White-throated Kingfisher,train,10
xc1005668_46.wav,Common Tailorbird,train,3
xc914094_19212.wav,Coppersmith Barbet,train,4
xc834668_24298.wav,Common Tailorbird,train,3
xc443314_9718.wav,Coppersmith Barbet,train,4
xc507731_7547.wav,Large-tailed Nightjar,train,5
xc325283_46.wav,Collared Kingfisher,train,1
xc555515_12856.wav,Common Tailorbird,train,3
xc956003_9000.wav,Common Tailorbird,train,3
xc314339_375.wav,Asian Koel,train,0
xc735667_26319.wav,Asian Koel,train,0
xc290555_15108.wav,Collared Kingfisher,train,1
xc621217_1621.wav,Pied Fantail,train,7
xc597327_11897.wav,Large-tailed Nightjar,train,5
xc835388_8834.wav,Olive-backed Sunbird,train,6
xc834670_13902.wav,Common Tailorbird,train,3
xc954971_7473.wav,Coppersmith Barbet,train,4
xc73022_39913.wav,Asian Koel,train,0
xc461513_29789.wav,Large-tailed Nightjar,train,5
xc973481_81576.wav,Large-tailed Nightjar,train,5
xc657958_866.wav,Common Tailorbird,train,3
xc595428_21760.wav,Common Iora,train,2
xc937630_23816.wav,Asian Koel,train,0
xc161258_326.wav,Spotted Dove,train,8
xc797696_2156.wav,Large-tailed Nightjar,train,5
xc788329_17779.wav,Common Iora,train,2
xc1074030_0.wav,Coppersmith Barbet,train,4
xc938488_0.wav,Yellow-vented Bulbul,train,11
xc756510_44854.wav,Yellow-vented Bulbul,train,11
xc724545_3949.wav,Collared Kingfisher,train,1
xc534388_8064.wav,Asian Koel,train,0
xc954971_3805.wav,Coppersmith Barbet,train,4
xc952352_9919.wav,Coppersmith Barbet,train,4
xc724411_27146.wav,White-breasted Waterhen,train,9
xc785098_3000.wav,Pied Fantail,train,7
xc81310_0.wav,Spotted Dove,train,8
xc68678_28072.wav,Coppersmith Barbet,train,4
xc999942_29099.wav,Spotted Dove,train,8
xc161885_9085.wav,Yellow-vented Bulbul,train,11
xc196949_6481.wav,White-throated Kingfisher,train,10
xc787531_44707.wav,Pied Fantail,train,7
xc835395_3369.wav,Olive-backed Sunbird,train,6
xc812796_0.wav,Asian Koel,train,0
xc369314_13450.wav,Coppersmith Barbet,train,4
xc39156_34007.wav,Collared Kingfisher,train,1
xc301810_31541.wav,Olive-backed Sunbird,train,6
xc149687_5786.wav,Coppersmith Barbet,train,4
xc266132_3112.wav,Yellow-vented Bulbul,train,11
xc311359_37275.wav,Coppersmith Barbet,train,4
xc941512_39385.wav,Large-tailed Nightjar,train,5
xc764945_157892.wav,White-breasted Waterhen,train,9
xc835395_19093.wav,Olive-backed Sunbird,train,6
xc369312_12727.wav,Coppersmith Barbet,train,4
xc44835_9402.wav,Coppersmith Barbet,train,4
xc788680_795.wav,Asian Koel,train,0
xc986408_64278.wav,White-breasted Waterhen,train,9
xc897847_20085.wav,Common Tailorbird,train,3
xc78291_37482.wav,Spotted Dove,train,8
xc879486_0.wav,Spotted Dove,train,8
xc825796_10663.wav,Collared Kingfisher,train,1
xc311271_33505.wav,Asian Koel,train,0
xc441821_6509.wav,Spotted Dove,train,8
xc1003556_5440.wav,Collared Kingfisher,train,1
xc209538_39536.wav,White-throated Kingfisher,train,10
xc311498_4423.wav,Spotted Dove,train,8
xc942724_0.wav,Pied Fantail,train,7
xc583144_38566.wav,White-breasted Waterhen,train,9
xc149687_16207.wav,Coppersmith Barbet,train,4
xc509761_26986.wav,Yellow-vented Bulbul,train,11
xc534388_13851.wav,Asian Koel,train,0
xc783854_3043.wav,White-breasted Waterhen,train,9
xc162210_31186.wav,Coppersmith Barbet,train,4
xc189204_26515.wav,White-throated Kingfisher,train,10
xc761749_40583.wav,Large-tailed Nightjar,train,5
xc209207_28981.wav,White-throated Kingfisher,train,10
xc477488_15186.wav,Yellow-vented Bulbul,train,11
xc834668_9298.wav,Common Tailorbird,train,3
xc31621_22617.wav,White-throated Kingfisher,train,10
xc541306_2202.wav,Yellow-vented Bulbul,train,11
xc1027177_22176.wav,White-breasted Waterhen,train,9
xc616401_17761.wav,Yellow-vented Bulbul,train,11
xc472569_15634.wav,White-breasted Waterhen,train,9
xc875469_8228.wav,Spotted Dove,train,8
xc840318_10260.wav,Pied Fantail,train,7
xc964318_340.wav,Collared Kingfisher,train,1
xc290931_12868.wav,Olive-backed Sunbird,train,6
xc190962_21260.wav,Spotted Dove,train,8
xc594949_76889.wav,Asian Koel,train,0
xc843300_10452.wav,White-breasted Waterhen,train,9
xc216930_16441.wav,Pied Fantail,train,7
xc809052_9028.wav,Yellow-vented Bulbul,train,11
xc835388_12550.wav,Olive-backed Sunbird,train,6
xc735664_10504.wav,Common Iora,train,2
xc269431_21712.wav,Olive-backed Sunbird,train,6
xc192165_31233.wav,Pied Fantail,train,7
xc731973_32051.wav,Spotted Dove,train,8
xc332700_5673.wav,Pied Fantail,train,7
xc209943_10562.wav,Coppersmith Barbet,train,4
xc209943_642.wav,Coppersmith Barbet,train,4
xc976113_8506.wav,Large-tailed Nightjar,train,5
xc68678_7414.wav,Coppersmith Barbet,train,4
xc197737_6813.wav,White-throated Kingfisher,train,10
xc462432_7589.wav,White-breasted Waterhen,train,9
xc754470_12076.wav,Common Tailorbird,train,3
xc191211_84356.wav,Common Tailorbird,train,3
xc963967_14808.wav,Large-tailed Nightjar,train,5
xc756569_9553.wav,Spotted Dove,train,8
xc951556_29631.wav,White-breasted Waterhen,train,9
xc594949_27975.wav,Asian Koel,train,0
xc883647_16584.wav,Large-tailed Nightjar,train,5
xc971698_12028.wav,Coppersmith Barbet,train,4
xc168313_6904.wav,Large-tailed Nightjar,train,5
xc664308_47722.wav,Common Iora,train,2
xc649545_9712.wav,Pied Fantail,train,7
xc812732_44885.wav,Asian Koel,train,0
xc635320_33009.wav,Asian Koel,train,0
xc858215_38382.wav,Olive-backed Sunbird,train,6
xc290641_26672.wav,Yellow-vented Bulbul,train,11
xc88421_38987.wav,Large-tailed Nightjar,train,5
xc895736_34407.wav,Pied Fantail,train,7
xc710198_10535.wav,Common Iora,train,2
xc528823_13400.wav,Coppersmith Barbet,train,4
xc940167_7029.wav,Collared Kingfisher,train,1
xc862446_6000.wav,Olive-backed Sunbird,train,6
xc810648_2622.wav,Large-tailed Nightjar,train,5
xc151342_9415.wav,White-breasted Waterhen,train,9
xc97965_11197.wav,Large-tailed Nightjar,train,5
xc956691_6526.wav,Large-tailed Nightjar,train,5
xc1005530_2932.wav,Collared Kingfisher,train,1
xc956426_23708.wav,White-breasted Waterhen,train,9
xc369243_19592.wav,White-throated Kingfisher,train,10
xc469471_266.wav,Coppersmith Barbet,train,4
xc829396_30280.wav,Large-tailed Nightjar,train,5
xc167084_32058.wav,Yellow-vented Bulbul,train,11
xc397623_34224.wav,Olive-backed Sunbird,train,6
xc858215_12935.wav,Olive-backed Sunbird,train,6
xc893700_14400.wav,Collared Kingfisher,train,1
xc150690_0.wav,Common Iora,train,2
xc239282_14330.wav,Large-tailed Nightjar,train,5
xc845702_3000.wav,Olive-backed Sunbird,train,6
xc1002930_6525.wav,Spotted Dove,train,8
xc635320_3000.wav,Asian Koel,train,0
xc956442_43868.wav,White-breasted Waterhen,train,9
xc955872_21142.wav,Olive-backed Sunbird,train,6
xc537914_50239.wav,Pied Fantail,train,7
xc956436_21741.wav,White-breasted Waterhen,train,9
xc954983_13906.wav,Yellow-vented Bulbul,train,11
xc381375_10102.wav,White-throated Kingfisher,train,10
xc956375_50938.wav,White-breasted Waterhen,train,9
xc477488_18186.wav,Yellow-vented Bulbul,train,11
xc27611_0.wav,Asian Koel,train,0
xc161260_3825.wav,Common Tailorbird,train,3
xc921512_22536.wav,White-throated Kingfisher,train,10
xc23823_22661.wav,Olive-backed Sunbird,train,6
xc909605_8269.wav,Olive-backed Sunbird,train,6
xc877987_40482.wav,Spotted Dove,train,8
xc724736_3154.wav,Spotted Dove,train,8
xc125392_28554.wav,White-throated Kingfisher,train,10
xc290929_4479.wav,Olive-backed Sunbird,train,6
xc875469_19606.wav,Spotted Dove,train,8
xc949671_20590.wav,White-throated Kingfisher,train,10
xc241963_17159.wav,Olive-backed Sunbird,train,6
xc94032_11784.wav,Coppersmith Barbet,train,4
xc397623_48511.wav,Olive-backed Sunbird,train,6
xc582931_537.wav,Pied Fantail,train,7
xc167085_23576.wav,Yellow-vented Bulbul,train,11
xc161197_11525.wav,Asian Koel,train,0
xc904468_33790.wav,White-breasted Waterhen,train,9
xc190966_24426.wav,Common Iora,train,2
xc461513_15862.wav,Large-tailed Nightjar,train,5
xc962818_9764.wav,Coppersmith Barbet,train,4
xc776063_21652.wav,Spotted Dove,train,8
xc787532_0.wav,Pied Fantail,train,7
xc59702_3026.wav,Yellow-vented Bulbul,train,11
xc829396_23477.wav,Large-tailed Nightjar,train,5
xc823277_15071.wav,Collared Kingfisher,train,1
xc906272_32359.wav,Common Iora,train,2
xc96539_37419.wav,Common Iora,train,2
xc409379_8835.wav,Pied Fantail,train,7
xc197605_14720.wav,White-throated Kingfisher,train,10
xc477125_3561.wav,Collared Kingfisher,train,1
xc25978_38244.wav,Large-tailed Nightjar,train,5
xc1011129_13796.wav,Common Iora,train,2
xc311142_201.wav,White-breasted Waterhen,train,9
xc1047221_0.wav,Yellow-vented Bulbul,train,11
xc856162_34687.wav,Olive-backed Sunbird,train,6
xc937965_11226.wav,Yellow-vented Bulbul,train,11
xc433841_5476.wav,Spotted Dove,train,8
xc290553_334.wav,Collared Kingfisher,train,1
xc879486_5144.wav,Spotted Dove,train,8
xc541306_28099.wav,Yellow-vented Bulbul,train,11
xc880662_0.wav,White-throated Kingfisher,train,10
xc555516_6521.wav,Coppersmith Barbet,train,4
xc862837_49331.wav,Common Tailorbird,train,3
xc787531_8528.wav,Pied Fantail,train,7
xc710640_24395.wav,Spotted Dove,train,8
xc802979_46129.wav,Yellow-vented Bulbul,train,11
xc79566_9000.wav,White-throated Kingfisher,train,10
xc431502_4804.wav,White-throated Kingfisher,train,10
xc657958_17180.wav,Common Tailorbird,train,3
xc842521_3105.wav,White-breasted Waterhen,train,9
xc879491_15384.wav,Spotted Dove,train,8
xc943196_11119.wav,Coppersmith Barbet,train,4
xc786033_21658.wav,Asian Koel,train,0
xc956356_46054.wav,White-breasted Waterhen,train,9
xc942414_31852.wav,White-throated Kingfisher,train,10
xc956438_16800.wav,White-breasted Waterhen,train,9
xc19752_12266.wav,Large-tailed Nightjar,train,5
xc956395_6078.wav,White-breasted Waterhen,train,9
xc797439_4810.wav,White-breasted Waterhen,train,9
xc809713_9511.wav,Spotted Dove,train,8
xc723472_0.wav,Common Tailorbird,train,3
xc209538_936.wav,White-throated Kingfisher,train,10
xc68677_7519.wav,Coppersmith Barbet,train,4
xc1035372_34230.wav,Spotted Dove,train,8
xc723978_5114.wav,Common Tailorbird,train,3
xc707552_5815.wav,White-breasted Waterhen,train,9
xc167084_23921.wav,Yellow-vented Bulbul,train,11
xc941383_1686.wav,Coppersmith Barbet,train,4
xc627993_5133.wav,Pied Fantail,train,7
xc760675_1988.wav,Pied Fantail,train,7
xc209538_50191.wav,White-throated Kingfisher,train,10
xc286713_4565.wav,Collared Kingfisher,train,1
xc314337_667.wav,Asian Koel,train,0
xc883919_1805.wav,Common Tailorbird,train,3
xc880658_13554.wav,Spotted Dove,train,8
xc186559_6573.wav,Collared Kingfisher,train,1
xc161194_70.wav,Asian Koel,train,0
xc578352_24465.wav,Asian Koel,train,0
xc356320_5454.wav,Coppersmith Barbet,train,4
xc79314_9186.wav,Collared Kingfisher,train,1
xc364385_11940.wav,Coppersmith Barbet,train,4
xc194905_995.wav,Asian Koel,train,0
xc359639_9611.wav,Olive-backed Sunbird,train,6
xc949671_14165.wav,White-throated Kingfisher,train,10
xc889942_17931.wav,Olive-backed Sunbird,train,6
xc957165_27096.wav,Large-tailed Nightjar,train,5
xc381376_16821.wav,White-throated Kingfisher,train,10
xc809052_6028.wav,Yellow-vented Bulbul,train,11
xc889914_4422.wav,Olive-backed Sunbird,train,6
xc1030898_3961.wav,Spotted Dove,train,8
xc342124_4064.wav,Pied Fantail,train,7
xc150431_520.wav,Common Iora,train,2
xc78434_39819.wav,Asian Koel,train,0
xc951556_3067.wav,White-breasted Waterhen,train,9
xc109957_39369.wav,Olive-backed Sunbird,train,6
xc984319_1875.wav,Large-tailed Nightjar,train,5
xc487800_3636.wav,Yellow-vented Bulbul,train,11
xc124367_19640.wav,Large-tailed Nightjar,train,5
xc402013_16840.wav,Collared Kingfisher,train,1
xc78288_7656.wav,Spotted Dove,train,8
xc863037_11885.wav,Spotted Dove,train,8
xc883919_12962.wav,Common Tailorbird,train,3
xc595461_9108.wav,Spotted Dove,train,8
xc151342_12823.wav,White-breasted Waterhen,train,9
xc1030462_3256.wav,White-breasted Waterhen,train,9
xc594949_12338.wav,Asian Koel,train,0
xc523554_17370.wav,Asian Koel,train,0
xc707529_6488.wav,Common Iora,train,2
xc635320_0.wav,Asian Koel,train,0
xc707485_5637.wav,Large-tailed Nightjar,train,5
xc940167_32047.wav,Collared Kingfisher,train,1
xc731973_11383.wav,Spotted Dove,train,8
xc304839_665.wav,Coppersmith Barbet,train,4
xc161223_12033.wav,White-throated Kingfisher,train,10
xc783852_0.wav,Large-tailed Nightjar,train,5
xc595428_602.wav,Common Iora,train,2
xc825797_26934.wav,Collared Kingfisher,train,1
xc311311_24272.wav,White-throated Kingfisher,train,10
xc877674_58532.wav,Olive-backed Sunbird,train,6
xc78438_8395.wav,Yellow-vented Bulbul,train,11
xc891369_24000.wav,Common Tailorbird,train,3
xc192037_3093.wav,Coppersmith Barbet,train,4
xc528823_16929.wav,Coppersmith Barbet,train,4
xc304839_44079.wav,Coppersmith Barbet,train,4
xc293219_38445.wav,Collared Kingfisher,train,1
xc268331_11049.wav,Common Iora,train,2
xc1002930_10555.wav,Spotted Dove,train,8
xc1071873_42667.wav,Pied Fantail,train,7
xc825797_49981.wav,Collared Kingfisher,train,1
xc756510_15014.wav,Yellow-vented Bulbul,train,11
xc956367_23752.wav,White-breasted Waterhen,train,9
xc530844_6845.wav,Coppersmith Barbet,train,4
xc184706_27116.wav,White-throated Kingfisher,train,10
xc756625_20563.wav,Large-tailed Nightjar,train,5
xc318468_4626.wav,White-breasted Waterhen,train,9
xc782696_14354.wav,Collared Kingfisher,train,1
xc1011129_330.wav,Common Iora,train,2
xc788763_3000.wav,Yellow-vented Bulbul,train,11
xc748185_17852.wav,Spotted Dove,train,8
xc183486_43362.wav,Common Tailorbird,train,3
xc361795_20350.wav,Pied Fantail,train,7
xc875469_5233.wav,Spotted Dove,train,8
xc957165_31198.wav,Large-tailed Nightjar,train,5
xc977990_15781.wav,Collared Kingfisher,train,1
xc35836_10844.wav,Olive-backed Sunbird,train,6
xc325283_3296.wav,Collared Kingfisher,train,1
xc807231_29182.wav,Yellow-vented Bulbul,train,11
xc1029676_7779.wav,Common Iora,train,2
xc657958_21446.wav,Common Tailorbird,train,3
xc1004382_12213.wav,Common Tailorbird,train,3
xc720533_4721.wav,Asian Koel,train,0
xc956003_3000.wav,Common Tailorbird,train,3
xc42618_8622.wav,Collared Kingfisher,train,1
xc461515_10969.wav,Coppersmith Barbet,train,4
xc834669_21071.wav,Common Tailorbird,train,3
xc812732_23845.wav,Asian Koel,train,0
xc293219_56430.wav,Collared Kingfisher,train,1
xc742601_1100.wav,Spotted Dove,train,8
xc896209_338.wav,Collared Kingfisher,train,1
xc582931_19504.wav,Pied Fantail,train,7
xc956211_41778.wav,Asian Koel,train,0
xc812737_34455.wav,Asian Koel,train,0
xc115903_9944.wav,White-throated Kingfisher,train,10
xc1004728_19561.wav,Olive-backed Sunbird,train,6
xc439489_14.wav,Olive-backed Sunbird,train,6
xc150717_15947.wav,White-breasted Waterhen,train,9
xc786219_15986.wav,Spotted Dove,train,8
xc956367_16362.wav,White-breasted Waterhen,train,9
xc426538_4983.wav,Asian Koel,train,0
xc179374_8106.wav,Collared Kingfisher,train,1
xc531534_0.wav,Coppersmith Barbet,train,4
xc150003_21071.wav,Yellow-vented Bulbul,train,11
xc748185_45713.wav,Spotted Dove,train,8
xc798838_13867.wav,Collared Kingfisher,train,1
xc477488_6186.wav,Yellow-vented Bulbul,train,11
xc205792_4251.wav,Collared Kingfisher,train,1
xc484451_33298.wav,Common Tailorbird,train,3
xc893700_18693.wav,Collared Kingfisher,train,1
xc284767_0.wav,Common Iora,train,2
xc360058_26004.wav,Pied Fantail,train,7
xc1004382_18213.wav,Common Tailorbird,train,3
xc167085_47310.wav,Yellow-vented Bulbul,train,11
xc764945_38050.wav,White-breasted Waterhen,train,9
xc356320_12936.wav,Coppersmith Barbet,train,4
xc639792_16000.wav,Large-tailed Nightjar,train,5
xc164811_5741.wav,Coppersmith Barbet,train,4
xc68830_21911.wav,Olive-backed Sunbird,train,6
xc944621_27108.wav,White-breasted Waterhen,train,9
xc161431_47293.wav,Asian Koel,train,0
xc113335_8461.wav,Asian Koel,train,0
xc97965_20220.wav,Large-tailed Nightjar,train,5
xc409379_32072.wav,Pied Fantail,train,7
xc575951_11638.wav,Large-tailed Nightjar,train,5
xc647854_13917.wav,Common Tailorbird,train,3
xc777287_43334.wav,Common Iora,train,2
xc152652_3695.wav,White-breasted Waterhen,train,9
xc665269_3824.wav,Coppersmith Barbet,train,4
xc369243_147.wav,White-throated Kingfisher,train,10
xc976113_12632.wav,Large-tailed Nightjar,train,5
xc472751_12217.wav,White-throated Kingfisher,train,10
xc501959_233749.wav,Yellow-vented Bulbul,train,11
xc797696_36222.wav,Large-tailed Nightjar,train,5
xc646767_7354.wav,Spotted Dove,train,8
xc379921_13167.wav,Pied Fantail,train,7
xc209207_20004.wav,White-throated Kingfisher,train,10
xc209215_50153.wav,White-throated Kingfisher,train,10
xc501340_32786.wav,White-throated Kingfisher,train,10
xc293219_77609.wav,Collared Kingfisher,train,1
xc1003831_2642.wav,Asian Koel,train,0
xc976113_23060.wav,Large-tailed Nightjar,train,5
xc575559_26300.wav,Collared Kingfisher,train,1
xc788329_25695.wav,Common Iora,train,2
xc78435_4356.wav,Asian Koel,train,0
xc841000_37207.wav,Olive-backed Sunbird,train,6
xc845706_52657.wav,Olive-backed Sunbird,train,6
xc891472_52496.wav,Olive-backed Sunbird,train,6
xc892778_8407.wav,Large-tailed Nightjar,train,5
xc528888_132.wav,Coppersmith Barbet,train,4
xc906272_21166.wav,Common Iora,train,2
xc622985_361.wav,Coppersmith Barbet,train,4
xc832863_10450.wav,Olive-backed Sunbird,train,6
xc88720_12275.wav,Common Iora,train,2
xc102912_13523.wav,White-breasted Waterhen,train,9
xc311131_6264.wav,Common Iora,train,2
xc956426_3380.wav,White-breasted Waterhen,train,9
xc498802_44464.wav,White-throated Kingfisher,train,10
xc166251_43438.wav,Asian Koel,train,0
xc426433_21249.wav,Large-tailed Nightjar,train,5
xc956003_15103.wav,Common Tailorbird,train,3
xc290932_55482.wav,Olive-backed Sunbird,train,6
xc820684_570.wav,Large-tailed Nightjar,train,5
xc541293_15878.wav,Yellow-vented Bulbul,train,11
xc301810_19580.wav,Olive-backed Sunbird,train,6
xc290757_309.wav,Pied Fantail,train,7
xc164693_10828.wav,Collared Kingfisher,train,1
xc582931_16469.wav,Pied Fantail,train,7
xc361795_14960.wav,Pied Fantail,train,7
xc167085_15117.wav,Yellow-vented Bulbul,train,11
xc815843_603.wav,Pied Fantail,train,7
xc919207_1144.wav,Common Tailorbird,train,3
xc616402_28448.wav,Yellow-vented Bulbul,train,11
xc1071873_9704.wav,Pied Fantail,train,7
xc842013_18808.wav,Coppersmith Barbet,train,4
xc956383_6867.wav,White-breasted Waterhen,train,9
xc304839_18665.wav,Coppersmith Barbet,train,4
xc311142_3238.wav,White-breasted Waterhen,train,9
xc786218_12989.wav,Asian Koel,train,0
xc845718_15289.wav,White-throated Kingfisher,train,10
xc845720_14478.wav,White-throated Kingfisher,train,10
xc954622_355.wav,Pied Fantail,train,7
xc518843_57378.wav,Asian Koel,train,0
xc760675_13540.wav,Pied Fantail,train,7
xc188009_29922.wav,Yellow-vented Bulbul,train,11
xc710640_27385.wav,Spotted Dove,train,8
xc938419_3201.wav,Olive-backed Sunbird,train,6
xc646688_3300.wav,Pied Fantail,train,7
xc767766_3014.wav,White-breasted Waterhen,train,9
xc409378_16375.wav,Pied Fantail,train,7
xc937130_635.wav,Pied Fantail,train,7
xc286053_12248.wav,White-breasted Waterhen,train,9
xc68678_23787.wav,Coppersmith Barbet,train,4
xc707485_52586.wav,Large-tailed Nightjar,train,5
xc381375_7102.wav,White-throated Kingfisher,train,10
xc26252_22378.wav,Common Iora,train,2
xc472751_116.wav,White-throated Kingfisher,train,10
xc858037_0.wav,Yellow-vented Bulbul,train,11
xc809180_17648.wav,Large-tailed Nightjar,train,5
xc311311_20568.wav,White-throated Kingfisher,train,10
xc954929_7843.wav,Common Tailorbird,train,3
xc895934_58631.wav,Coppersmith Barbet,train,4
xc921512_7251.wav,White-throated Kingfisher,train,10
xc1005485_5236.wav,Asian Koel,train,0
xc555515_53898.wav,Common Tailorbird,train,3
xc962853_27102.wav,Coppersmith Barbet,train,4
xc844113_39193.wav,White-breasted Waterhen,train,9
xc1004728_11350.wav,Olive-backed Sunbird,train,6
xc1009636_10133.wav,Coppersmith Barbet,train,4
xc290555_6108.wav,Collared Kingfisher,train,1
xc507731_309.wav,Large-tailed Nightjar,train,5
xc893312_406.wav,Common Tailorbird,train,3
xc1069336_695.wav,Coppersmith Barbet,train,4
xc35222_4722.wav,Coppersmith Barbet,train,4
xc39156_7737.wav,Collared Kingfisher,train,1
xc167082_6195.wav,Yellow-vented Bulbul,train,11
xc209943_3735.wav,Coppersmith Barbet,train,4
xc1006365_14664.wav,Coppersmith Barbet,train,4
xc369547_16673.wav,Spotted Dove,train,8
xc113335_29729.wav,Asian Koel,train,0
xc59702_24716.wav,Yellow-vented Bulbul,train,11
xc956403_12028.wav,White-breasted Waterhen,train,9
xc113335_62805.wav,Asian Koel,train,0
xc942414_13494.wav,White-throated Kingfisher,train,10
xc951556_42696.wav,White-breasted Waterhen,train,9
xc152653_3095.wav,Collared Kingfisher,train,1
xc862446_9000.wav,Olive-backed Sunbird,train,6
xc167084_27817.wav,Yellow-vented Bulbul,train,11
xc795095_17301.wav,Collared Kingfisher,train,1
xc385666_27242.wav,Common Tailorbird,train,3
xc825797_38761.wav,Collared Kingfisher,train,1
xc767766_15527.wav,White-breasted Waterhen,train,9
xc359295_49546.wav,Yellow-vented Bulbul,train,11
xc877988_39.wav,Spotted Dove,train,8
xc724411_9613.wav,White-breasted Waterhen,train,9
xc735664_6086.wav,Common Iora,train,2
xc197605_18731.wav,White-throated Kingfisher,train,10
xc311133_15233.wav,Common Iora,train,2
xc841872_54487.wav,Spotted Dove,train,8
xc433841_19273.wav,Spotted Dove,train,8
xc124365_24063.wav,Large-tailed Nightjar,train,5
xc621232_15000.wav,Collared Kingfisher,train,1
xc1038548_137636.wav,Pied Fantail,train,7
xc24587_24975.wav,Pied Fantail,train,7
xc595428_8561.wav,Common Iora,train,2
xc1003536_10916.wav,White-breasted Waterhen,train,9
xc788763_10243.wav,Yellow-vented Bulbul,train,11
xc956395_10156.wav,White-breasted Waterhen,train,9
xc269988_16658.wav,Collared Kingfisher,train,1
xc893348_16012.wav,Common Tailorbird,train,3
xc736038_33260.wav,Spotted Dove,train,8
xc381375_0.wav,White-throated Kingfisher,train,10
xc617140_11681.wav,Yellow-vented Bulbul,train,11
xc209538_15712.wav,White-throated Kingfisher,train,10
xc24466_62578.wav,Pied Fantail,train,7
xc787731_22093.wav,Yellow-vented Bulbul,train,11
xc167084_15728.wav,Yellow-vented Bulbul,train,11
xc194196_28799.wav,Asian Koel,train,0
xc79314_12186.wav,Collared Kingfisher,train,1
xc365142_121961.wav,Large-tailed Nightjar,train,5
xc462432_20533.wav,White-breasted Waterhen,train,9
xc787537_21065.wav,Pied Fantail,train,7
xc834669_33510.wav,Common Tailorbird,train,3
xc941512_2239.wav,Large-tailed Nightjar,train,5
xc350583_37316.wav,Pied Fantail,train,7
xc944621_133.wav,White-breasted Waterhen,train,9
xc150690_4519.wav,Common Iora,train,2
xc956418_34256.wav,White-breasted Waterhen,train,9
xc150891_4012.wav,Common Iora,train,2
xc845703_13.wav,Olive-backed Sunbird,train,6
xc57250_7543.wav,Pied Fantail,train,7
xc764668_3836.wav,Collared Kingfisher,train,1
xc68677_11049.wav,Coppersmith Barbet,train,4
xc38505_3033.wav,Common Iora,train,2
xc81310_26491.wav,Spotted Dove,train,8
xc1029676_19834.wav,Common Iora,train,2
xc547540_37601.wav,White-throated Kingfisher,train,10
xc39156_3979.wav,Collared Kingfisher,train,1
xc164811_31997.wav,Coppersmith Barbet,train,4
xc1070371_39643.wav,Pied Fantail,train,7
xc756530_67140.wav,Pied Fantail,train,7
xc426432_26005.wav,Large-tailed Nightjar,train,5
xc472751_21063.wav,White-throated Kingfisher,train,10
xc1046270_7252.wav,Spotted Dove,train,8
xc350583_60023.wav,Pied Fantail,train,7
xc857059_37820.wav,Coppersmith Barbet,train,4
xc241963_13913.wav,Olive-backed Sunbird,train,6
xc444228_2004.wav,Asian Koel,train,0
xc157443_7834.wav,Pied Fantail,train,7
xc161477_38398.wav,Common Iora,train,2
xc835388_16251.wav,Olive-backed Sunbird,train,6
xc385666_9242.wav,Common Tailorbird,train,3
xc909605_15624.wav,Olive-backed Sunbird,train,6
xc1006540_7757.wav,Common Tailorbird,train,3
xc369567_611.wav,Collared Kingfisher,train,1
xc90768_31.wav,Pied Fantail,train,7
xc166758_6186.wav,Olive-backed Sunbird,train,6
xc823277_6071.wav,Collared Kingfisher,train,1
xc531611_6000.wav,Asian Koel,train,0
xc725662_25553.wav,Spotted Dove,train,8
xc311311_14545.wav,White-throated Kingfisher,train,10
xc369566_16369.wav,Collared Kingfisher,train,1
xc600906_1278.wav,Common Iora,train,2
xc385666_6242.wav,Common Tailorbird,train,3
xc498802_48026.wav,White-throated Kingfisher,train,10
xc192031_13919.wav,Common Iora,train,2
xc1004365_10651.wav,Pied Fantail,train,7
xc161885_21085.wav,Yellow-vented Bulbul,train,11
xc79567_25636.wav,White-throated Kingfisher,train,10
xc890188_986.wav,Pied Fantail,train,7
xc293219_48568.wav,Collared Kingfisher,train,1
xc400193_20286.wav,Asian Koel,train,0
xc461633_16133.wav,Large-tailed Nightjar,train,5
xc401924_39504.wav,Pied Fantail,train,7
xc342488_28644.wav,Yellow-vented Bulbul,train,11
xc166851_1012.wav,Collared Kingfisher,train,1
xc835386_18684.wav,Olive-backed Sunbird,train,6
xc347594_18000.wav,White-throated Kingfisher,train,10
xc472752_4051.wav,White-throated Kingfisher,train,10
xc954929_100.wav,Common Tailorbird,train,3
xc40034_6519.wav,Collared Kingfisher,train,1
xc391990_1952.wav,White-throated Kingfisher,train,10
xc197127_11316.wav,Common Iora,train,2
xc555514_10102.wav,Common Tailorbird,train,3
xc369387_8597.wav,Common Tailorbird,train,3
xc161223_58516.wav,White-throated Kingfisher,train,10
xc164689_24801.wav,Collared Kingfisher,train,1
xc956691_3526.wav,Large-tailed Nightjar,train,5
xc906272_39713.wav,Common Iora,train,2
xc68678_43432.wav,Coppersmith Barbet,train,4
xc1075899_27087.wav,Collared Kingfisher,train,1
xc575560_6663.wav,Collared Kingfisher,train,1
xc934683_3043.wav,Pied Fantail,train,7
xc620131_3186.wav,Coppersmith Barbet,train,4
xc841198_20406.wav,Common Iora,train,2
xc192166_0.wav,Pied Fantail,train,7
xc472753_19130.wav,White-throated Kingfisher,train,10
xc862635_18102.wav,Asian Koel,train,0
xc720008_12530.wav,Common Tailorbird,train,3
xc956383_18035.wav,White-breasted Waterhen,train,9
xc797016_11892.wav,White-throated Kingfisher,train,10
xc192165_12049.wav,Pied Fantail,train,7
xc723978_45673.wav,Common Tailorbird,train,3
xc616402_3860.wav,Yellow-vented Bulbul,train,11
xc616402_37236.wav,Yellow-vented Bulbul,train,11
xc862018_0.wav,Olive-backed Sunbird,train,6
xc73024_51605.wav,Asian Koel,train,0
xc809146_32016.wav,Large-tailed Nightjar,train,5
xc501959_240447.wav,Yellow-vented Bulbul,train,11
xc862446_24000.wav,Olive-backed Sunbird,train,6
xc194196_1534.wav,Asian Koel,train,0
xc940167_21331.wav,Collared Kingfisher,train,1
xc956409_30470.wav,White-breasted Waterhen,train,9
xc311133_8247.wav,Common Iora,train,2
xc188009_14402.wav,Yellow-vented Bulbul,train,11
xc956391_32847.wav,White-breasted Waterhen,train,9
xc773800_20229.wav,Yellow-vented Bulbul,train,11
xc895678_39106.wav,Large-tailed Nightjar,train,5
xc151312_47689.wav,Common Iora,train,2
xc188009_25871.wav,Yellow-vented Bulbul,train,11
xc754568_51304.wav,Olive-backed Sunbird,train,6
xc782712_0.wav,Yellow-vented Bulbul,train,11
xc834669_6071.wav,Common Tailorbird,train,3
xc78291_31328.wav,Spotted Dove,train,8
xc812731_957.wav,Asian Koel,train,0
xc942724_43046.wav,Pied Fantail,train,7
xc788042_21481.wav,Common Tailorbird,train,3
xc594950_54919.wav,Asian Koel,train,0
xc207723_0.wav,Common Iora,train,2
xc956436_24747.wav,White-breasted Waterhen,train,9
xc665384_43017.wav,Pied Fantail,train,7
xc838780_4651.wav,Olive-backed Sunbird,train,6
xc359540_12356.wav,White-breasted Waterhen,train,9
xc161631_24413.wav,Yellow-vented Bulbul,train,11
xc356241_7992.wav,Collared Kingfisher,train,1
xc649544_934.wav,Pied Fantail,train,7
xc922610_3450.wav,Pied Fantail,train,7
xc142516_22371.wav,Coppersmith Barbet,train,4
xc513453_3622.wav,White-throated Kingfisher,train,10
xc385666_24242.wav,Common Tailorbird,train,3
xc809180_9006.wav,Large-tailed Nightjar,train,5
xc942405_17282.wav,Pied Fantail,train,7
xc181992_12077.wav,Asian Koel,train,0
xc892779_241.wav,Large-tailed Nightjar,train,5
xc531612_21000.wav,Asian Koel,train,0
xc828236_9392.wav,Large-tailed Nightjar,train,5
xc785098_24586.wav,Pied Fantail,train,7
xc880658_4027.wav,Spotted Dove,train,8
xc842013_53953.wav,Coppersmith Barbet,train,4
xc472569_9634.wav,White-breasted Waterhen,train,9
xc787731_261.wav,Yellow-vented Bulbul,train,11
xc610177_892.wav,Yellow-vented Bulbul,train,11
xc957165_21566.wav,Large-tailed Nightjar,train,5
xc81310_3000.wav,Spotted Dove,train,8
xc121824_147.wav,Collared Kingfisher,train,1
xc362686_17050.wav,Large-tailed Nightjar,train,5
xc954622_6355.wav,Pied Fantail,train,7
xc359295_31953.wav,Yellow-vented Bulbul,train,11
xc290529_11432.wav,Large-tailed Nightjar,train,5
xc754359_8792.wav,Common Iora,train,2
xc944619_30680.wav,White-breasted Waterhen,train,9
xc205073_1137.wav,Collared Kingfisher,train,1
xc616406_950.wav,Pied Fantail,train,7
xc161968_21201.wav,Asian Koel,train,0
xc184289_43683.wav,Common Iora,train,2
xc711521_746.wav,Common Iora,train,2
xc971698_15034.wav,Coppersmith Barbet,train,4
xc998789_16072.wav,Common Tailorbird,train,3
xc311311_3985.wav,White-throated Kingfisher,train,10
xc842013_40493.wav,Coppersmith Barbet,train,4
xc812734_1039.wav,Asian Koel,train,0
xc311308_6402.wav,White-throated Kingfisher,train,10
xc1067106_11150.wav,Olive-backed Sunbird,train,6
xc531612_24000.wav,Asian Koel,train,0
xc746312_46.wav,Olive-backed Sunbird,train,6
xc342489_62.wav,Yellow-vented Bulbul,train,11
xc462432_24750.wav,White-breasted Waterhen,train,9
xc183486_5334.wav,Common Tailorbird,train,3
xc431502_21921.wav,White-throated Kingfisher,train,10
xc766589_28585.wav,Spotted Dove,train,8
xc1029676_45444.wav,Common Iora,train,2
xc835194_39558.wav,Common Tailorbird,train,3
xc547501_30383.wav,White-throated Kingfisher,train,10
xc461513_23197.wav,Large-tailed Nightjar,train,5
xc956404_45920.wav,White-breasted Waterhen,train,9
xc369563_2882.wav,Collared Kingfisher,train,1
xc530842_8478.wav,Coppersmith Barbet,train,4
xc161223_15763.wav,White-throated Kingfisher,train,10
xc578352_3142.wav,Asian Koel,train,0
xc290757_29457.wav,Pied Fantail,train,7
xc857059_18973.wav,Coppersmith Barbet,train,4
xc365385_39988.wav,White-throated Kingfisher,train,10
xc164689_47431.wav,Collared Kingfisher,train,1
xc810645_27526.wav,Large-tailed Nightjar,train,5
xc845706_38630.wav,Olive-backed Sunbird,train,6
xc461633_3677.wav,Large-tailed Nightjar,train,5
xc164811_523.wav,Coppersmith Barbet,train,4
xc24466_1258.wav,Pied Fantail,train,7
xc742601_23748.wav,Spotted Dove,train,8
xc977990_21781.wav,Collared Kingfisher,train,1
xc941519_861.wav,Common Iora,train,2
xc721251_15605.wav,Pied Fantail,train,7
xc788042_6114.wav,Common Tailorbird,train,3
xc701873_5167.wav,Coppersmith Barbet,train,4
xc403966_30359.wav,Coppersmith Barbet,train,4
xc309568_1570.wav,Asian Koel,train,0
xc166251_182.wav,Asian Koel,train,0
xc816755_0.wav,Pied Fantail,train,7
xc1002930_50394.wav,Spotted Dove,train,8
xc152651_15652.wav,Pied Fantail,train,7
xc845706_33737.wav,Olive-backed Sunbird,train,6
xc150717_8541.wav,White-breasted Waterhen,train,9
xc1067106_394.wav,Olive-backed Sunbird,train,6
xc161477_67078.wav,Common Iora,train,2
xc161631_624.wav,Yellow-vented Bulbul,train,11
xc513453_34432.wav,White-throated Kingfisher,train,10
xc161431_69478.wav,Asian Koel,train,0
xc196584_9124.wav,Asian Koel,train,0
xc68678_37893.wav,Coppersmith Barbet,train,4
xc443314_3371.wav,Coppersmith Barbet,train,4
xc168313_36178.wav,Large-tailed Nightjar,train,5
xc843300_670.wav,White-breasted Waterhen,train,9
xc756625_13810.wav,Large-tailed Nightjar,train,5
xc359641_22734.wav,Olive-backed Sunbird,train,6
xc472857_331.wav,Common Tailorbird,train,3
xc365386_1691.wav,White-throated Kingfisher,train,10
xc528888_19312.wav,Coppersmith Barbet,train,4
xc754568_62262.wav,Olive-backed Sunbird,train,6
xc879489_22627.wav,Spotted Dove,train,8
xc321157_3186.wav,Coppersmith Barbet,train,4
xc362686_37711.wav,Large-tailed Nightjar,train,5
xc999942_4727.wav,Spotted Dove,train,8
xc845718_27450.wav,White-throated Kingfisher,train,10
xc192023_0.wav,Collared Kingfisher,train,1
xc875469_13606.wav,Spotted Dove,train,8
xc90551_22403.wav,Spotted Dove,train,8
xc955872_18142.wav,Olive-backed Sunbird,train,6
xc26251_18380.wav,Common Iora,train,2
xc773800_476.wav,Yellow-vented Bulbul,train,11
xc295158_10465.wav,Collared Kingfisher,train,1
xc610177_8120.wav,Yellow-vented Bulbul,train,11
xc710640_16028.wav,Spotted Dove,train,8
xc216876_12125.wav,Common Iora,train,2
xc963967_18414.wav,Large-tailed Nightjar,train,5
xc158456_29793.wav,Large-tailed Nightjar,train,5
xc879486_37824.wav,Spotted Dove,train,8
xc956395_1522.wav,White-breasted Waterhen,train,9
xc124350_65342.wav,Common Iora,train,2
xc1030709_5570.wav,Common Tailorbird,train,3
xc902374_10745.wav,Common Iora,train,2
xc213367_14630.wav,White-throated Kingfisher,train,10
xc166134_8967.wav,Coppersmith Barbet,train,4
xc616402_8400.wav,Yellow-vented Bulbul,train,11
xc892324_8977.wav,Olive-backed Sunbird,train,6
xc799302_39750.wav,Common Iora,train,2
xc1019750_16916.wav,Spotted Dove,train,8
xc778394_4570.wav,Large-tailed Nightjar,train,5
xc24466_35511.wav,Pied Fantail,train,7
xc190962_29525.wav,Spotted Dove,train,8
xc327429_4447.wav,Pied Fantail,train,7
xc79566_18000.wav,White-throated Kingfisher,train,10
xc46585_11630.wav,Yellow-vented Bulbul,train,11
xc164345_1661.wav,Coppersmith Barbet,train,4
xc359359_10852.wav,Coppersmith Barbet,train,4
xc484953_27527.wav,Spotted Dove,train,8
xc786033_1491.wav,Asian Koel,train,0
xc353099_12805.wav,Large-tailed Nightjar,train,5
xc978467_58560.wav,Collared Kingfisher,train,1
xc194196_25316.wav,Asian Koel,train,0
xc461633_42447.wav,Large-tailed Nightjar,train,5
xc161258_11654.wav,Spotted Dove,train,8
xc956379_101.wav,White-breasted Waterhen,train,9
xc150431_8938.wav,Common Iora,train,2
xc879491_3384.wav,Spotted Dove,train,8
xc962853_18398.wav,Coppersmith Barbet,train,4
xc859462_326.wav,Collared Kingfisher,train,1
xc723871_28973.wav,Spotted Dove,train,8
xc825797_8849.wav,Collared Kingfisher,train,1
xc835386_44578.wav,Olive-backed Sunbird,train,6
xc216930_12886.wav,Pied Fantail,train,7
xc343310_31705.wav,Pied Fantail,train,7
xc359639_26457.wav,Olive-backed Sunbird,train,6
xc684609_168.wav,Collared Kingfisher,train,1
xc161477_4777.wav,Common Iora,train,2
xc286053_15877.wav,White-breasted Waterhen,train,9
xc190966_21419.wav,Common Iora,train,2
xc197605_34713.wav,White-throated Kingfisher,train,10
xc844113_101864.wav,White-breasted Waterhen,train,9
xc78435_31457.wav,Asian Koel,train,0
xc537914_32280.wav,Pied Fantail,train,7
xc290678_11985.wav,Common Iora,train,2
xc24591_9301.wav,Asian Koel,train,0
xc785098_13108.wav,Pied Fantail,train,7
xc402013_20088.wav,Collared Kingfisher,train,1
xc917586_8491.wav,Asian Koel,train,0
xc124434_15223.wav,White-breasted Waterhen,train,9
xc783854_43.wav,White-breasted Waterhen,train,9
xc478316_14272.wav,Pied Fantail,train,7
xc778394_13912.wav,Large-tailed Nightjar,train,5
xc164811_12265.wav,Coppersmith Barbet,train,4
xc942405_6128.wav,Pied Fantail,train,7
xc921512_610.wav,White-throated Kingfisher,train,10
xc721346_30047.wav,Common Tailorbird,train,3
xc192031_16919.wav,Common Iora,train,2
xc809713_603.wav,Spotted Dove,train,8
xc727577_5149.wav,Spotted Dove,train,8
xc1027177_18054.wav,White-breasted Waterhen,train,9
xc264244_14639.wav,Pied Fantail,train,7
xc484451_30282.wav,Common Tailorbird,train,3
xc628835_9326.wav,Common Iora,train,2
xc436748_3317.wav,White-throated Kingfisher,train,10
xc472857_5158.wav,Common Tailorbird,train,3
xc956356_33729.wav,White-breasted Waterhen,train,9
xc290931_22318.wav,Olive-backed Sunbird,train,6
xc73022_12983.wav,Asian Koel,train,0
xc754354_24510.wav,Common Iora,train,2
xc155937_11667.wav,Large-tailed Nightjar,train,5
xc185772_31620.wav,Yellow-vented Bulbul,train,11
xc513453_40471.wav,White-throated Kingfisher,train,10
xc216876_20715.wav,Common Iora,train,2
xc787963_566.wav,Asian Koel,train,0
xc498807_40646.wav,White-throated Kingfisher,train,10
xc862446_18000.wav,Olive-backed Sunbird,train,6
xc164666_9129.wav,Common Iora,train,2
xc963858_63976.wav,Asian Koel,train,0
xc956409_6930.wav,White-breasted Waterhen,train,9
xc730877_14058.wav,Pied Fantail,train,7
xc756511_60024.wav,Yellow-vented Bulbul,train,11
xc717548_19102.wav,Asian Koel,train,0
xc269423_0.wav,Collared Kingfisher,train,1
xc757224_719.wav,Spotted Dove,train,8
xc20267_7058.wav,Asian Koel,train,0
xc639792_19297.wav,Large-tailed Nightjar,train,5
xc607345_6310.wav,Olive-backed Sunbird,train,6
xc461513_32791.wav,Large-tailed Nightjar,train,5
xc311359_42096.wav,Coppersmith Barbet,train,4
xc401214_0.wav,Coppersmith Barbet,train,4
xc803973_597.wav,Common Iora,train,2
xc401924_0.wav,Pied Fantail,train,7
xc167085_9251.wav,Yellow-vented Bulbul,train,11
xc196584_55519.wav,Asian Koel,train,0
xc963967_3464.wav,Large-tailed Nightjar,train,5
xc166850_6327.wav,Collared Kingfisher,train,1
xc956409_78038.wav,White-breasted Waterhen,train,9
xc1050124_6618.wav,Coppersmith Barbet,train,4
xc810642_8183.wav,Large-tailed Nightjar,train,5
xc951556_9379.wav,White-breasted Waterhen,train,9
xc547540_16133.wav,White-throated Kingfisher,train,10
xc113335_37805.wav,Asian Koel,train,0
xc890188_23771.wav,Pied Fantail,train,7
xc19938_17041.wav,Common Tailorbird,train,3
xc956413_108405.wav,White-breasted Waterhen,train,9
xc149307_11809.wav,Common Tailorbird,train,3
xc581704_10643.wav,Yellow-vented Bulbul,train,11
xc835194_2364.wav,Common Tailorbird,train,3
xc962818_3243.wav,Coppersmith Barbet,train,4
xc822911_72343.wav,Coppersmith Barbet,train,4
xc325283_6481.wav,Collared Kingfisher,train,1
xc754354_15581.wav,Common Iora,train,2
xc941325_9711.wav,Common Tailorbird,train,3
xc164666_3000.wav,Common Iora,train,2
xc880658_8211.wav,Spotted Dove,train,8
xc461515_6745.wav,Coppersmith Barbet,train,4
xc1016073_8001.wav,Coppersmith Barbet,train,4
xc124434_432.wav,White-breasted Waterhen,train,9
xc787963_21972.wav,Asian Koel,train,0
xc710640_54775.wav,Spotted Dove,train,8
xc574612_3897.wav,White-throated Kingfisher,train,10
xc756569_16239.wav,Spotted Dove,train,8
xc35653_9062.wav,Common Iora,train,2
xc362047_5034.wav,Large-tailed Nightjar,train,5
xc835177_10966.wav,Common Tailorbird,train,3
xc507756_60055.wav,White-throated Kingfisher,train,10
xc356241_15363.wav,Collared Kingfisher,train,1
xc161194_5138.wav,Asian Koel,train,0
xc943196_8010.wav,Coppersmith Barbet,train,4
xc151136_7121.wav,Collared Kingfisher,train,1
xc940167_24842.wav,Collared Kingfisher,train,1
xc909605_3561.wav,Olive-backed Sunbird,train,6
xc627998_14212.wav,Pied Fantail,train,7
xc1029034_49966.wav,Asian Koel,train,0
xc620131_36418.wav,Coppersmith Barbet,train,4
xc671743_12759.wav,Coppersmith Barbet,train,4
xc161259_3461.wav,Common Tailorbird,train,3
xc537773_282.wav,White-throated Kingfisher,train,10
xc290554_13955.wav,Collared Kingfisher,train,1
xc208677_7786.wav,Spotted Dove,train,8
xc606859_3739.wav,Collared Kingfisher,train,1
xc239282_19.wav,Large-tailed Nightjar,train,5
xc954929_3100.wav,Common Tailorbird,train,3
xc785098_16108.wav,Pied Fantail,train,7
xc742601_41260.wav,Spotted Dove,train,8
xc1034181_13291.wav,Pied Fantail,train,7
xc290529_826.wav,Large-tailed Nightjar,train,5
xc314179_18243.wav,Yellow-vented Bulbul,train,11
xc754359_2202.wav,Common Iora,train,2
xc804558_71754.wav,Collared Kingfisher,train,1
xc46585_4647.wav,Yellow-vented Bulbul,train,11
xc1071873_12704.wav,Pied Fantail,train,7
xc804558_5126.wav,Collared Kingfisher,train,1
xc150003_18071.wav,Yellow-vented Bulbul,train,11
xc198426_92.wav,Common Iora,train,2
xc498802_4089.wav,White-throated Kingfisher,train,10
xc580882_46.wav,Yellow-vented Bulbul,train,11
xc984006_12626.wav,White-breasted Waterhen,train,9
xc39156_37022.wav,Collared Kingfisher,train,1
xc1029676_33395.wav,Common Iora,train,2
xc710635_18938.wav,Spotted Dove,train,8
xc190308_33279.wav,Asian Koel,train,0
xc498025_3349.wav,Large-tailed Nightjar,train,5
xc809896_128289.wav,Large-tailed Nightjar,train,5
xc809702_12465.wav,White-throated Kingfisher,train,10
xc291729_3000.wav,Collared Kingfisher,train,1
xc956211_50796.wav,Asian Koel,train,0
xc672602_232.wav,Asian Koel,train,0
xc956404_74095.wav,White-breasted Waterhen,train,9
xc191211_80774.wav,Common Tailorbird,train,3
xc531534_21000.wav,Coppersmith Barbet,train,4
xc204898_1315.wav,Collared Kingfisher,train,1
xc447294_1091.wav,White-breasted Waterhen,train,9
xc998789_12000.wav,Common Tailorbird,train,3
xc583144_650.wav,White-breasted Waterhen,train,9
xc409378_1698.wav,Pied Fantail,train,7
xc187343_46739.wav,Yellow-vented Bulbul,train,11
xc187343_56618.wav,Yellow-vented Bulbul,train,11
xc641527_14282.wav,Common Iora,train,2
xc748185_31732.wav,Spotted Dove,train,8
xc311310_0.wav,White-throated Kingfisher,train,10
xc151642_0.wav,Collared Kingfisher,train,1
xc607345_290.wav,Olive-backed Sunbird,train,6
xc121824_3147.wav,Collared Kingfisher,train,1
xc472611_32755.wav,Large-tailed Nightjar,train,5
xc956403_37141.wav,White-breasted Waterhen,train,9
xc254982_11677.wav,White-throated Kingfisher,train,10
xc1070371_4412.wav,Pied Fantail,train,7
xc1071730_11005.wav,Large-tailed Nightjar,train,5
xc161163_3214.wav,Coppersmith Barbet,train,4
xc895736_77055.wav,Pied Fantail,train,7
xc19938_232.wav,Common Tailorbird,train,3
xc707529_14669.wav,Common Iora,train,2
xc191211_69916.wav,Common Tailorbird,train,3
xc941519_46953.wav,Common Iora,train,2
xc369547_33127.wav,Spotted Dove,train,8
xc897282_4789.wav,Coppersmith Barbet,train,4
xc46585_54548.wav,Yellow-vented Bulbul,train,11
xc381376_6378.wav,White-throated Kingfisher,train,10
xc934683_41.wav,Pied Fantail,train,7
xc566256_2722.wav,Olive-backed Sunbird,train,6
xc461515_14108.wav,Coppersmith Barbet,train,4
xc595428_17693.wav,Common Iora,train,2
xc937909_215.wav,Pied Fantail,train,7
xc1005530_0.wav,Collared Kingfisher,train,1
xc92076_719.wav,Common Iora,train,2
xc190966_13425.wav,Common Iora,train,2
xc290929_23013.wav,Olive-backed Sunbird,train,6
xc514743_181.wav,Asian Koel,train,0
xc461515_3434.wav,Coppersmith Barbet,train,4
xc565732_20267.wav,White-throated Kingfisher,train,10
xc498806_21449.wav,White-throated Kingfisher,train,10
xc359359_7305.wav,Coppersmith Barbet,train,4
xc254982_2469.wav,White-throated Kingfisher,train,10
xc365386_15314.wav,White-throated Kingfisher,train,10
xc797864_9565.wav,Coppersmith Barbet,train,4
xc895934_69775.wav,Coppersmith Barbet,train,4
xc68676_26739.wav,Coppersmith Barbet,train,4
xc754354_7140.wav,Common Iora,train,2
xc804558_51846.wav,Collared Kingfisher,train,1
xc507756_15263.wav,White-throated Kingfisher,train,10
xc290697_6523.wav,Common Tailorbird,train,3
xc943204_1307.wav,Common Tailorbird,train,3
xc523554_13557.wav,Asian Koel,train,0
xc364385_23922.wav,Coppersmith Barbet,train,4
xc786218_9257.wav,Asian Koel,train,0
xc192023_3735.wav,Collared Kingfisher,train,1
xc845705_75846.wav,Olive-backed Sunbird,train,6
xc902374_33517.wav,Common Iora,train,2
xc537914_47235.wav,Pied Fantail,train,7
xc187343_19266.wav,Yellow-vented Bulbul,train,11
xc161631_6085.wav,Yellow-vented Bulbul,train,11
xc862837_43017.wav,Common Tailorbird,train,3
xc442733_17994.wav,Pied Fantail,train,7
xc531611_9000.wav,Asian Koel,train,0
xc381376_12702.wav,White-throated Kingfisher,train,10
xc879491_23971.wav,Spotted Dove,train,8
xc523554_8463.wav,Asian Koel,train,0
xc181238_12655.wav,Collared Kingfisher,train,1
xc1016030_16497.wav,Olive-backed Sunbird,train,6
xc896209_41382.wav,Collared Kingfisher,train,1
xc1067842_327.wav,White-breasted Waterhen,train,9
xc797495_4722.wav,White-breasted Waterhen,train,9
xc31590_1055.wav,Asian Koel,train,0
xc986635_27000.wav,Olive-backed Sunbird,train,6
xc266132_12836.wav,Yellow-vented Bulbul,train,11
xc842519_50890.wav,White-breasted Waterhen,train,9
xc788763_26568.wav,Yellow-vented Bulbul,train,11
xc73022_87.wav,Asian Koel,train,0
xc862837_15961.wav,Common Tailorbird,train,3
xc171263_932.wav,Common Tailorbird,train,3
xc209215_24527.wav,White-throated Kingfisher,train,10
xc1071357_5821.wav,White-throated Kingfisher,train,10
xc151136_69004.wav,Collared Kingfisher,train,1
xc879570_1100.wav,Common Tailorbird,train,3
xc105148_9449.wav,White-breasted Waterhen,train,9
xc90551_3521.wav,Spotted Dove,train,8
xc756625_42857.wav,Large-tailed Nightjar,train,5
xc203463_27728.wav,Olive-backed Sunbird,train,6
xc943196_1361.wav,Coppersmith Barbet,train,4
xc860813_33097.wav,Olive-backed Sunbird,train,6
xc616401_7837.wav,Yellow-vented Bulbul,train,11
xc477297_3000.wav,White-throated Kingfisher,train,10
xc151136_117334.wav,Collared Kingfisher,train,1
xc379921_22200.wav,Pied Fantail,train,7
xc639792_3113.wav,Large-tailed Nightjar,train,5
xc94032_19416.wav,Coppersmith Barbet,train,4
xc578352_6184.wav,Asian Koel,train,0
xc952348_27611.wav,Pied Fantail,train,7
xc871206_15000.wav,Common Tailorbird,train,3
xc756430_6062.wav,Pied Fantail,train,7
xc956391_307.wav,White-breasted Waterhen,train,9
xc906272_3718.wav,Common Iora,train,2
xc937630_7398.wav,Asian Koel,train,0
xc911389_3000.wav,White-breasted Waterhen,train,9
xc845703_18142.wav,Olive-backed Sunbird,train,6
xc834666_33703.wav,Common Tailorbird,train,3
xc124434_19621.wav,White-breasted Waterhen,train,9
xc96538_23599.wav,Common Iora,train,2
xc397623_27046.wav,Olive-backed Sunbird,train,6
xc359318_7623.wav,Large-tailed Nightjar,train,5
xc782712_8503.wav,Yellow-vented Bulbul,train,11
xc44805_24093.wav,Coppersmith Barbet,train,4
xc311498_17516.wav,Spotted Dove,train,8
xc168313_46395.wav,Large-tailed Nightjar,train,5
xc778394_27504.wav,Large-tailed Nightjar,train,5
xc414018_3511.wav,Asian Koel,train,0
xc266132_9441.wav,Yellow-vented Bulbul,train,11
xc88421_26058.wav,Large-tailed Nightjar,train,5
xc742601_35960.wav,Spotted Dove,train,8
xc290930_10364.wav,Olive-backed Sunbird,train,6
xc594949_136324.wav,Asian Koel,train,0
xc97965_6000.wav,Large-tailed Nightjar,train,5
xc608941_10502.wav,Common Iora,train,2
xc537745_834.wav,White-throated Kingfisher,train,10
xc481181_364.wav,White-throated Kingfisher,train,10
xc822911_19969.wav,Coppersmith Barbet,train,4
xc369567_6704.wav,Collared Kingfisher,train,1
xc756530_0.wav,Pied Fantail,train,7
xc161197_142.wav,Asian Koel,train,0
xc1005526_696.wav,Collared Kingfisher,train,1
xc90551_28878.wav,Spotted Dove,train,8
xc840318_17244.wav,Pied Fantail,train,7
xc155937_14667.wav,Large-tailed Nightjar,train,5
xc818183_106778.wav,White-breasted Waterhen,train,9
xc818183_103778.wav,White-breasted Waterhen,train,9
xc1071873_29330.wav,Pied Fantail,train,7
xc862635_8388.wav,Asian Koel,train,0
xc68831_38879.wav,Olive-backed Sunbird,train,6
xc197838_11031.wav,Common Tailorbird,train,3
xc620131_20228.wav,Coppersmith Barbet,train,4
xc1029034_14335.wav,Asian Koel,train,0
xc956418_37308.wav,White-breasted Waterhen,train,9
xc1002981_854.wav,Coppersmith Barbet,train,4
xc956409_22076.wav,White-breasted Waterhen,train,9
xc1004728_27477.wav,Olive-backed Sunbird,train,6
xc835177_14339.wav,Common Tailorbird,train,3
xc952349_24793.wav,Pied Fantail,train,7
xc582931_5902.wav,Pied Fantail,train,7
xc290679_42185.wav,Common Iora,train,2
xc185648_67682.wav,Spotted Dove,train,8
xc936859_55950.wav,Pied Fantail,train,7
xc962853_9956.wav,Coppersmith Barbet,train,4
xc730935_696.wav,Collared Kingfisher,train,1
xc365384_24054.wav,Coppersmith Barbet,train,4
xc710635_30931.wav,Spotted Dove,train,8
xc921512_19243.wav,White-throated Kingfisher,train,10
xc954622_18935.wav,Pied Fantail,train,7
xc484451_41037.wav,Common Tailorbird,train,3
xc1060054_6057.wav,Pied Fantail,train,7
xc787537_0.wav,Pied Fantail,train,7
xc723978_10591.wav,Common Tailorbird,train,3
xc778394_36202.wav,Large-tailed Nightjar,train,5
xc635320_27000.wav,Asian Koel,train,0
xc164692_28926.wav,Collared Kingfisher,train,1
xc290585_1360.wav,Coppersmith Barbet,train,4
xc361795_0.wav,Pied Fantail,train,7
xc496315_21448.wav,Pied Fantail,train,7
xc286713_11270.wav,Collared Kingfisher,train,1
xc1002981_9239.wav,Coppersmith Barbet,train,4
xc507756_55493.wav,White-throated Kingfisher,train,10
xc115903_0.wav,White-throated Kingfisher,train,10
xc828236_36459.wav,Large-tailed Nightjar,train,5
xc365385_6820.wav,White-throated Kingfisher,train,10
xc906272_13953.wav,Common Iora,train,2
xc998789_9000.wav,Common Tailorbird,train,3
xc295158_7410.wav,Collared Kingfisher,train,1
xc30002_3395.wav,Pied Fantail,train,7
xc978470_40504.wav,White-throated Kingfisher,train,10
xc40046_6232.wav,White-throated Kingfisher,train,10
xc875611_0.wav,Spotted Dove,train,8
xc205313_6130.wav,Large-tailed Nightjar,train,5
xc192031_3209.wav,Common Iora,train,2
xc855225_3155.wav,Pied Fantail,train,7
xc121824_25891.wav,Collared Kingfisher,train,1
xc871206_3000.wav,Common Tailorbird,train,3
xc973481_26487.wav,Large-tailed Nightjar,train,5
xc956392_15000.wav,White-breasted Waterhen,train,9
xc161477_54829.wav,Common Iora,train,2
xc311310_9967.wav,White-throated Kingfisher,train,10
xc477488_186.wav,Yellow-vented Bulbul,train,11
xc29594_17310.wav,Asian Koel,train,0
xc809052_28.wav,Yellow-vented Bulbul,train,11
xc619116_3665.wav,Olive-backed Sunbird,train,6
xc895678_30059.wav,Large-tailed Nightjar,train,5
xc167085_91896.wav,Yellow-vented Bulbul,train,11
xc954983_26769.wav,Yellow-vented Bulbul,train,11
xc547513_17660.wav,Common Tailorbird,train,3
xc25978_23382.wav,Large-tailed Nightjar,train,5
xc461515_18382.wav,Coppersmith Barbet,train,4
xc197127_20097.wav,Common Iora,train,2
xc788329_545.wav,Common Iora,train,2
xc934683_18043.wav,Pied Fantail,train,7
xc986141_8455.wav,Asian Koel,train,0
xc834667_28089.wav,Common Tailorbird,train,3
xc78291_19891.wav,Spotted Dove,train,8
xc1071873_49495.wav,Pied Fantail,train,7
xc164693_32367.wav,Collared Kingfisher,train,1
xc35733_24050.wav,Pied Fantail,train,7
xc537773_3282.wav,White-throated Kingfisher,train,10
xc631908_3512.wav,Collared Kingfisher,train,1
xc203466_3047.wav,Olive-backed Sunbird,train,6
xc1049153_18884.wav,White-breasted Waterhen,train,9
xc151209_7947.wav,Large-tailed Nightjar,train,5
xc580882_15046.wav,Yellow-vented Bulbul,train,11
xc150003_29377.wav,Yellow-vented Bulbul,train,11
xc756569_582.wav,Spotted Dove,train,8
xc498806_10929.wav,White-throated Kingfisher,train,10
xc216356_14908.wav,Olive-backed Sunbird,train,6
xc860813_15787.wav,Olive-backed Sunbird,train,6
xc1003556_0.wav,Collared Kingfisher,train,1
xc1008079_3149.wav,Coppersmith Barbet,train,4
xc956418_42259.wav,White-breasted Waterhen,train,9
xc1071357_15578.wav,White-throated Kingfisher,train,10
xc498802_32607.wav,White-throated Kingfisher,train,10
xc19647_9087.wav,Common Tailorbird,train,3
xc891472_4163.wav,Olive-backed Sunbird,train,6
xc635320_6000.wav,Asian Koel,train,0
xc664633_18369.wav,Coppersmith Barbet,train,4
xc787531_11769.wav,Pied Fantail,train,7
xc731973_6668.wav,Spotted Dove,train,8
xc369547_12773.wav,Spotted Dove,train,8
xc1035372_24015.wav,Spotted Dove,train,8
xc934683_15043.wav,Pied Fantail,train,7
xc883647_41661.wav,Large-tailed Nightjar,train,5
xc94271_28075.wav,Pied Fantail,train,7
xc845720_20457.wav,White-throated Kingfisher,train,10
xc1008079_149.wav,Coppersmith Barbet,train,4
xc799302_29152.wav,Common Iora,train,2
xc797864_22085.wav,Coppersmith Barbet,train,4
xc181238_5041.wav,Collared Kingfisher,train,1
xc501959_227581.wav,Yellow-vented Bulbul,train,11
xc290678_6093.wav,Common Iora,train,2
xc379921_25200.wav,Pied Fantail,train,7
xc845718_79436.wav,White-throated Kingfisher,train,10
xc498810_10869.wav,White-throated Kingfisher,train,10
xc551671_16834.wav,White-throated Kingfisher,train,10
xc190873_0.wav,Asian Koel,train,0
xc34509_286.wav,Pied Fantail,train,7
xc391990_4952.wav,White-throated Kingfisher,train,10
xc516499_1474.wav,Common Iora,train,2
xc891369_12000.wav,Common Tailorbird,train,3
xc167084_667.wav,Yellow-vented Bulbul,train,11
xc578004_58697.wav,Yellow-vented Bulbul,train,11
xc356320_8890.wav,Coppersmith Barbet,train,4
xc646767_3108.wav,Spotted Dove,train,8
xc973481_73036.wav,Large-tailed Nightjar,train,5
xc941325_21711.wav,Common Tailorbird,train,3
xc736038_4325.wav,Spotted Dove,train,8
xc30001_4206.wav,Pied Fantail,train,7
xc301810_37067.wav,Olive-backed Sunbird,train,6
xc721346_48369.wav,Common Tailorbird,train,3
xc665274_46950.wav,Spotted Dove,train,8
xc42618_5158.wav,Collared Kingfisher,train,1
xc823426_0.wav,Pied Fantail,train,7
xc152652_30583.wav,White-breasted Waterhen,train,9
xc835395_15417.wav,Olive-backed Sunbird,train,6
xc841198_0.wav,Common Iora,train,2
xc812731_31706.wav,Asian Koel,train,0
xc757224_28138.wav,Spotted Dove,train,8
xc161194_12570.wav,Asian Koel,train,0
xc150003_24071.wav,Yellow-vented Bulbul,train,11
xc639792_25740.wav,Large-tailed Nightjar,train,5
xc721129_13435.wav,Spotted Dove,train,8
xc151642_9246.wav,Collared Kingfisher,train,1
xc1071878_19763.wav,Pied Fantail,train,7
xc754359_5796.wav,Common Iora,train,2
xc124350_23321.wav,Common Iora,train,2
xc906272_6729.wav,Common Iora,train,2
xc942724_13461.wav,Pied Fantail,train,7
xc161885_18085.wav,Yellow-vented Bulbul,train,11
xc665274_35030.wav,Spotted Dove,train,8
xc88412_17462.wav,Spotted Dove,train,8
xc1002981_31945.wav,Coppersmith Barbet,train,4
xc942724_31935.wav,Pied Fantail,train,7
xc879002_23390.wav,Coppersmith Barbet,train,4
xc27611_36387.wav,Asian Koel,train,0
xc551633_28548.wav,Asian Koel,train,0
xc94272_18944.wav,Pied Fantail,train,7
xc356241_53932.wav,Collared Kingfisher,train,1
xc290930_2391.wav,Olive-backed Sunbird,train,6
xc79531_835.wav,Yellow-vented Bulbul,train,11
xc787537_13716.wav,Pied Fantail,train,7
xc956413_41781.wav,White-breasted Waterhen,train,9
xc290553_18894.wav,Collared Kingfisher,train,1
xc594951_54245.wav,Asian Koel,train,0
xc893700_29187.wav,Collared Kingfisher,train,1
xc809702_40735.wav,White-throated Kingfisher,train,10
xc843764_16718.wav,White-breasted Waterhen,train,9
xc731973_2836.wav,Spotted Dove,train,8
xc777287_29087.wav,Common Iora,train,2
xc1004365_418.wav,Pied Fantail,train,7
xc746312_6046.wav,Olive-backed Sunbird,train,6
xc1034184_0.wav,Pied Fantail,train,7
xc181238_1236.wav,Collared Kingfisher,train,1
xc672602_6736.wav,Asian Koel,train,0
xc1002981_26484.wav,Coppersmith Barbet,train,4
xc158456_51642.wav,Large-tailed Nightjar,train,5
xc1041026_2413.wav,Asian Koel,train,0
xc26057_702.wav,Common Iora,train,2
xc161198_738.wav,Asian Koel,train,0
xc834668_6298.wav,Common Tailorbird,train,3
xc727577_28471.wav,Spotted Dove,train,8
xc724405_5571.wav,White-breasted Waterhen,train,9
xc983831_4836.wav,Asian Koel,train,0
xc844113_24949.wav,White-breasted Waterhen,train,9
xc984900_4295.wav,Pied Fantail,train,7
xc844113_1993.wav,White-breasted Waterhen,train,9
xc761690_57117.wav,Asian Koel,train,0
xc721251_12605.wav,Pied Fantail,train,7
xc986635_18000.wav,Olive-backed Sunbird,train,6
xc829396_50355.wav,Large-tailed Nightjar,train,5
xc834667_54839.wav,Common Tailorbird,train,3
xc956403_23882.wav,White-breasted Waterhen,train,9
xc595461_16978.wav,Spotted Dove,train,8
xc627998_18438.wav,Pied Fantail,train,7
xc371664_23017.wav,Common Iora,train,2
xc856162_9680.wav,Olive-backed Sunbird,train,6
xc1006365_19127.wav,Coppersmith Barbet,train,4
xc665274_42269.wav,Spotted Dove,train,8
xc971698_3028.wav,Coppersmith Barbet,train,4
xc79566_12000.wav,White-throated Kingfisher,train,10
xc909605_32237.wav,Olive-backed Sunbird,train,6
xc443314_6610.wav,Coppersmith Barbet,train,4
xc724736_9154.wav,Spotted Dove,train,8
xc164692_17824.wav,Collared Kingfisher,train,1
xc871206_24000.wav,Common Tailorbird,train,3
xc879489_31289.wav,Spotted Dove,train,8
xc78434_22968.wav,Asian Koel,train,0
xc862018_9000.wav,Olive-backed Sunbird,train,6
xc498811_6839.wav,White-throated Kingfisher,train,10
xc189420_15056.wav,Asian Koel,train,0
xc891472_15623.wav,Olive-backed Sunbird,train,6
xc597327_556.wav,Large-tailed Nightjar,train,5
xc269430_19550.wav,Olive-backed Sunbird,train,6
xc788042_18400.wav,Common Tailorbird,train,3
xc971698_9028.wav,Coppersmith Barbet,train,4
xc369387_82.wav,Common Tailorbird,train,3
xc574972_634.wav,Coppersmith Barbet,train,4
xc188009_5498.wav,Yellow-vented Bulbul,train,11
xc956393_46360.wav,White-breasted Waterhen,train,9
xc938495_5020.wav,Olive-backed Sunbird,train,6
xc555516_9603.wav,Coppersmith Barbet,train,4
xc113335_22839.wav,Asian Koel,train,0
xc940167_10452.wav,Collared Kingfisher,train,1
xc591315_33306.wav,Asian Koel,train,0
xc823426_3000.wav,Pied Fantail,train,7
xc481181_3364.wav,White-throated Kingfisher,train,10
xc786978_27718.wav,Common Tailorbird,train,3
xc904468_21136.wav,White-breasted Waterhen,train,9
xc906272_25321.wav,Common Iora,train,2
xc194196_16751.wav,Asian Koel,train,0
xc1050124_12182.wav,Coppersmith Barbet,train,4
xc533623_737.wav,White-throated Kingfisher,train,10
xc937315_1324.wav,Common Tailorbird,train,3
xc812732_15705.wav,Asian Koel,train,0
xc190308_30277.wav,Asian Koel,train,0
xc88110_16417.wav,Spotted Dove,train,8
xc479859_77.wav,Common Iora,train,2
xc893849_24905.wav,Coppersmith Barbet,train,4
xc498802_24164.wav,White-throated Kingfisher,train,10
xc311309_18326.wav,White-throated Kingfisher,train,10
xc620135_38683.wav,Coppersmith Barbet,train,4
xc376315_0.wav,Collared Kingfisher,train,1
xc548744_6540.wav,White-breasted Waterhen,train,9
xc955872_24142.wav,Olive-backed Sunbird,train,6
xc786218_17583.wav,Asian Koel,train,0
xc1071730_50951.wav,Large-tailed Nightjar,train,5
xc197128_11700.wav,Common Iora,train,2
xc472753_727.wav,White-throated Kingfisher,train,10
xc892825_3538.wav,Olive-backed Sunbird,train,6
xc369547_1907.wav,Spotted Dove,train,8
xc547506_14695.wav,White-throated Kingfisher,train,10
xc1071878_28390.wav,Pied Fantail,train,7
xc841000_27102.wav,Olive-backed Sunbird,train,6
xc185772_35840.wav,Yellow-vented Bulbul,train,11
xc376316_32.wav,Collared Kingfisher,train,1
xc721251_2532.wav,Pied Fantail,train,7
xc311133_29111.wav,Common Iora,train,2
xc164666_46256.wav,Common Iora,train,2
xc835407_3031.wav,Olive-backed Sunbird,train,6
xc96538_3000.wav,Common Iora,train,2
xc835405_10021.wav,Olive-backed Sunbird,train,6
xc815843_20343.wav,Pied Fantail,train,7
xc311133_4669.wav,Common Iora,train,2
xc952349_16551.wav,Pied Fantail,train,7
xc472611_17599.wav,Large-tailed Nightjar,train,5
xc721346_22602.wav,Common Tailorbird,train,3
xc290932_52489.wav,Olive-backed Sunbird,train,6
xc149689_160.wav,Common Tailorbird,train,3
xc290697_20109.wav,Common Tailorbird,train,3
xc294977_823.wav,Pied Fantail,train,7
xc862635_22554.wav,Asian Koel,train,0
xc657630_5064.wav,Large-tailed Nightjar,train,5
xc688542_7540.wav,Spotted Dove,train,8
xc777287_48881.wav,Common Iora,train,2
xc620130_15500.wav,Coppersmith Barbet,train,4
xc884362_7446.wav,Spotted Dove,train,8
xc164811_18509.wav,Coppersmith Barbet,train,4
xc732059_28863.wav,Spotted Dove,train,8
xc460165_735.wav,White-throated Kingfisher,train,10
xc883951_19198.wav,Spotted Dove,train,8
xc657958_9203.wav,Common Tailorbird,train,3
xc815843_12440.wav,Pied Fantail,train,7
xc956438_13159.wav,White-breasted Waterhen,train,9
xc197605_22320.wav,White-throated Kingfisher,train,10
xc90768_18235.wav,Pied Fantail,train,7
xc439490_23038.wav,Yellow-vented Bulbul,train,11
xc161197_4006.wav,Asian Koel,train,0
xc723482_40109.wav,Spotted Dove,train,8
xc630802_45481.wav,Pied Fantail,train,7
xc952349_1887.wav,Pied Fantail,train,7
xc657958_28374.wav,Common Tailorbird,train,3
xc362047_22772.wav,Large-tailed Nightjar,train,5
xc977990_24781.wav,Collared Kingfisher,train,1
xc754568_41442.wav,Olive-backed Sunbird,train,6
xc573898_12425.wav,White-throated Kingfisher,train,10
xc1003558_8495.wav,Collared Kingfisher,train,1
xc756530_21861.wav,Pied Fantail,train,7
xc858215_26224.wav,Olive-backed Sunbird,train,6
xc394034_4482.wav,Large-tailed Nightjar,train,5
xc843501_2848.wav,Spotted Dove,train,8
xc575559_12227.wav,Collared Kingfisher,train,1
xc756511_30204.wav,Yellow-vented Bulbul,train,11
xc988109_14288.wav,Large-tailed Nightjar,train,5
xc845719_0.wav,White-throated Kingfisher,train,10
xc359295_56957.wav,Yellow-vented Bulbul,train,11
xc956355_8289.wav,White-breasted Waterhen,train,9
xc35653_13037.wav,Common Iora,train,2
xc1034184_36718.wav,Pied Fantail,train,7
xc799302_34046.wav,Common Iora,train,2
xc311131_23561.wav,Common Iora,train,2
xc631908_510.wav,Collared Kingfisher,train,1
xc1019748_15053.wav,Spotted Dove,train,8
xc710195_1107.wav,Coppersmith Barbet,train,4
xc192037_12093.wav,Coppersmith Barbet,train,4
xc835409_17977.wav,Olive-backed Sunbird,train,6
xc840318_5286.wav,Pied Fantail,train,7
xc161258_22974.wav,Spotted Dove,train,8
xc777287_55611.wav,Common Iora,train,2
xc184706_32898.wav,White-throated Kingfisher,train,10
xc956393_3000.wav,White-breasted Waterhen,train,9
xc46585_14784.wav,Yellow-vented Bulbul,train,11
xc897282_8678.wav,Coppersmith Barbet,train,4
xc938495_1996.wav,Olive-backed Sunbird,train,6
xc167084_40716.wav,Yellow-vented Bulbul,train,11
xc1038548_62451.wav,Pied Fantail,train,7
xc987636_974.wav,Common Tailorbird,train,3
xc501959_40225.wav,Yellow-vented Bulbul,train,11
xc78435_100491.wav,Asian Koel,train,0
xc941519_9728.wav,Common Iora,train,2
xc472611_12294.wav,Large-tailed Nightjar,train,5
xc962815_6513.wav,Common Iora,train,2
xc707529_28108.wav,Common Iora,train,2
xc209207_82903.wav,White-throated Kingfisher,train,10
xc164666_21867.wav,Common Iora,train,2
xc369567_15438.wav,Collared Kingfisher,train,1
xc155937_17667.wav,Large-tailed Nightjar,train,5
xc862446_3000.wav,Olive-backed Sunbird,train,6
xc203463_368.wav,Olive-backed Sunbird,train,6
xc555515_18871.wav,Common Tailorbird,train,3
xc1004382_15213.wav,Common Tailorbird,train,3
xc124434_10359.wav,White-breasted Waterhen,train,9
xc992533_0.wav,Common Tailorbird,train,3
xc31590_11841.wav,Asian Koel,train,0
xc19400_1044.wav,Asian Koel,train,0
xc268331_50775.wav,Common Iora,train,2
xc311498_29742.wav,Spotted Dove,train,8
xc161188_0.wav,Coppersmith Barbet,train,4
xc835386_6944.wav,Olive-backed Sunbird,train,6
xc565732_10341.wav,White-throated Kingfisher,train,10
xc68831_32682.wav,Olive-backed Sunbird,train,6
xc978467_48320.wav,Collared Kingfisher,train,1
xc756510_26955.wav,Yellow-vented Bulbul,train,11
xc167082_16129.wav,Yellow-vented Bulbul,train,11
xc164689_43289.wav,Collared Kingfisher,train,1
xc919673_7828.wav,Common Tailorbird,train,3
xc766589_8720.wav,Spotted Dove,train,8
xc530839_24227.wav,Coppersmith Barbet,train,4
xc166251_10346.wav,Asian Koel,train,0
xc857646_845.wav,Common Tailorbird,train,3
xc616396_15000.wav,Olive-backed Sunbird,train,6
xc534568_8150.wav,Coppersmith Barbet,train,4
xc24591_5473.wav,Asian Koel,train,0
xc943204_13248.wav,Common Tailorbird,train,3
xc879002_30312.wav,Coppersmith Barbet,train,4
xc121824_7778.wav,Collared Kingfisher,train,1
xc124350_37459.wav,Common Iora,train,2
xc954983_1763.wav,Yellow-vented Bulbul,train,11
xc565732_24439.wav,White-throated Kingfisher,train,10
xc797439_13500.wav,White-breasted Waterhen,train,9
xc987419_4666.wav,White-throated Kingfisher,train,10
xc133013_66443.wav,Asian Koel,train,0
xc1016073_1708.wav,Coppersmith Barbet,train,4
xc964318_3873.wav,Collared Kingfisher,train,1
xc151312_40433.wav,Common Iora,train,2
xc761690_50724.wav,Asian Koel,train,0
xc956438_2750.wav,White-breasted Waterhen,train,9
xc151136_96160.wav,Collared Kingfisher,train,1
xc551633_37851.wav,Asian Koel,train,0
xc531534_9000.wav,Coppersmith Barbet,train,4
xc1048464_0.wav,Pied Fantail,train,7
xc807231_4804.wav,Yellow-vented Bulbul,train,11
xc125392_23103.wav,White-throated Kingfisher,train,10
xc956356_11933.wav,White-breasted Waterhen,train,9
xc1046270_13852.wav,Spotted Dove,train,8
xc797495_21269.wav,White-breasted Waterhen,train,9
xc149687_10120.wav,Coppersmith Barbet,train,4
xc940167_14187.wav,Collared Kingfisher,train,1
xc151210_7671.wav,Large-tailed Nightjar,train,5
xc797016_17892.wav,White-throated Kingfisher,train,10
xc954971_22563.wav,Coppersmith Barbet,train,4
xc150003_12071.wav,Yellow-vented Bulbul,train,11
xc620131_33289.wav,Coppersmith Barbet,train,4
xc359295_9956.wav,Yellow-vented Bulbul,train,11
xc269435_21177.wav,Collared Kingfisher,train,1
xc713871_932.wav,Common Tailorbird,train,3
xc171263_11113.wav,Common Tailorbird,train,3
xc186559_28608.wav,Collared Kingfisher,train,1
xc906272_45803.wav,Common Iora,train,2
xc952352_17278.wav,Coppersmith Barbet,train,4
xc124350_815.wav,Common Iora,train,2
xc810646_83827.wav,Large-tailed Nightjar,train,5
xc1029034_28707.wav,Asian Koel,train,0
xc910592_34099.wav,White-breasted Waterhen,train,9
xc151136_106568.wav,Collared Kingfisher,train,1
xc787542_13326.wav,Yellow-vented Bulbul,train,11
xc236515_284.wav,Asian Koel,train,0
xc845720_49811.wav,White-throated Kingfisher,train,10
xc321157_186.wav,Coppersmith Barbet,train,4
xc809179_7277.wav,Large-tailed Nightjar,train,5
xc498025_139.wav,Large-tailed Nightjar,train,5
xc809179_34619.wav,Large-tailed Nightjar,train,5
xc179229_29314.wav,Asian Koel,train,0
xc797439_9398.wav,White-breasted Waterhen,train,9
xc892691_738.wav,White-breasted Waterhen,train,9
xc214418_38093.wav,Common Iora,train,2
xc566252_18507.wav,Olive-backed Sunbird,train,6
xc671783_1879.wav,Yellow-vented Bulbul,train,11
xc616402_11621.wav,Yellow-vented Bulbul,train,11
xc805862_39.wav,Collared Kingfisher,train,1
xc359641_16757.wav,Olive-backed Sunbird,train,6
xc359638_26005.wav,Olive-backed Sunbird,train,6
xc241963_32005.wav,Olive-backed Sunbird,train,6
xc710640_51775.wav,Spotted Dove,train,8
xc185648_0.wav,Spotted Dove,train,8
xc94268_5944.wav,Pied Fantail,train,7
xc937630_17816.wav,Asian Koel,train,0
xc477488_12186.wav,Yellow-vented Bulbul,train,11
xc859462_4728.wav,Collared Kingfisher,train,1
xc1060054_0.wav,Pied Fantail,train,7
xc555514_7055.wav,Common Tailorbird,train,3
xc606430_3433.wav,White-breasted Waterhen,train,9
xc24587_3481.wav,Pied Fantail,train,7
xc1075899_24060.wav,Collared Kingfisher,train,1
xc473062_38337.wav,Spotted Dove,train,8
xc1002977_0.wav,Collared Kingfisher,train,1
xc987636_12974.wav,Common Tailorbird,train,3
xc541306_15017.wav,Yellow-vented Bulbul,train,11
xc594950_10382.wav,Asian Koel,train,0
xc639792_9441.wav,Large-tailed Nightjar,train,5
xc1031057_22228.wav,White-breasted Waterhen,train,9
xc35836_21619.wav,Olive-backed Sunbird,train,6
xc879489_34287.wav,Spotted Dove,train,8
xc895934_76578.wav,Coppersmith Barbet,train,4
xc167085_28994.wav,Yellow-vented Bulbul,train,11
xc365386_22873.wav,White-throated Kingfisher,train,10
xc311131_19030.wav,Common Iora,train,2
xc594949_5753.wav,Asian Koel,train,0
xc973481_58704.wav,Large-tailed Nightjar,train,5
xc533623_15784.wav,White-throated Kingfisher,train,10
xc956426_38206.wav,White-breasted Waterhen,train,9
xc311399_21083.wav,Common Tailorbird,train,3
xc284503_15808.wav,Pied Fantail,train,7
xc426433_9310.wav,Large-tailed Nightjar,train,5
xc835409_35259.wav,Olive-backed Sunbird,train,6
xc710195_31259.wav,Coppersmith Barbet,train,4
xc290932_61910.wav,Olive-backed Sunbird,train,6
xc883918_12806.wav,Common Tailorbird,train,3
xc39156_18640.wav,Collared Kingfisher,train,1
xc786978_848.wav,Common Tailorbird,train,3
xc955002_4276.wav,Olive-backed Sunbird,train,6
xc620130_18521.wav,Coppersmith Barbet,train,4
xc756625_17396.wav,Large-tailed Nightjar,train,5
xc620131_6186.wav,Coppersmith Barbet,train,4
xc879491_9384.wav,Spotted Dove,train,8
xc941383_35028.wav,Coppersmith Barbet,train,4
xc343311_6563.wav,Pied Fantail,train,7
xc214418_66401.wav,Common Iora,train,2
xc295158_20583.wav,Collared Kingfisher,train,1
xc207964_16824.wav,Olive-backed Sunbird,train,6
xc311142_11906.wav,White-breasted Waterhen,train,9
xc293219_17804.wav,Collared Kingfisher,train,1
xc841198_12377.wav,Common Iora,train,2
xc956436_15309.wav,White-breasted Waterhen,train,9
xc151210_0.wav,Large-tailed Nightjar,train,5
xc359641_4324.wav,Olive-backed Sunbird,train,6
xc1031057_4075.wav,White-breasted Waterhen,train,9
xc284524_3959.wav,White-breasted Waterhen,train,9
xc290553_23280.wav,Collared Kingfisher,train,1
xc748185_9731.wav,Spotted Dove,train,8
xc161885_6085.wav,Yellow-vented Bulbul,train,11
xc152652_15646.wav,White-breasted Waterhen,train,9
xc343310_11434.wav,Pied Fantail,train,7
xc509761_52783.wav,Yellow-vented Bulbul,train,11
xc788037_7949.wav,Olive-backed Sunbird,train,6
xc710634_25093.wav,Spotted Dove,train,8
xc1063688_9605.wav,Large-tailed Nightjar,train,5
xc858215_9932.wav,Olive-backed Sunbird,train,6
xc583630_4345.wav,White-breasted Waterhen,train,9
xc353099_48683.wav,Large-tailed Nightjar,train,5
xc595461_21108.wav,Spotted Dove,train,8
xc409379_27316.wav,Pied Fantail,train,7
xc835388_29241.wav,Olive-backed Sunbird,train,6
xc205792_626.wav,Collared Kingfisher,train,1
xc657958_24935.wav,Common Tailorbird,train,3
xc908994_28597.wav,Common Iora,train,2
xc190966_16458.wav,Common Iora,train,2
xc531612_11617.wav,Asian Koel,train,0
xc573898_23732.wav,White-throated Kingfisher,train,10
xc290584_4039.wav,Coppersmith Barbet,train,4
xc595461_33283.wav,Spotted Dove,train,8
xc167083_2917.wav,Yellow-vented Bulbul,train,11
xc594950_81832.wav,Asian Koel,train,0
xc35733_33197.wav,Pied Fantail,train,7
xc871206_21000.wav,Common Tailorbird,train,3
xc706576_51052.wav,Common Iora,train,2
xc35222_22076.wav,Coppersmith Barbet,train,4
xc79566_15000.wav,White-throated Kingfisher,train,10
xc188426_314.wav,White-breasted Waterhen,train,9
xc956211_37157.wav,Asian Koel,train,0
xc754354_28493.wav,Common Iora,train,2
xc1071357_12578.wav,White-throated Kingfisher,train,10
xc290931_1554.wav,Olive-backed Sunbird,train,6
xc724411_6219.wav,White-breasted Waterhen,train,9
xc509761_4168.wav,Yellow-vented Bulbul,train,11
xc498802_51984.wav,White-throated Kingfisher,train,10
xc647854_4151.wav,Common Tailorbird,train,3
xc269430_13009.wav,Olive-backed Sunbird,train,6
xc956392_21000.wav,White-breasted Waterhen,train,9
xc786438_15529.wav,Asian Koel,train,0
xc622984_30450.wav,Coppersmith Barbet,train,4
xc956367_37230.wav,White-breasted Waterhen,train,9
xc553021_27834.wav,Pied Fantail,train,7
xc181995_22675.wav,White-throated Kingfisher,train,10
xc68830_32777.wav,Olive-backed Sunbird,train,6
xc820684_3613.wav,Large-tailed Nightjar,train,5
xc834667_6493.wav,Common Tailorbird,train,3
xc551633_19306.wav,Asian Koel,train,0
xc786438_7793.wav,Asian Koel,train,0
xc773797_16424.wav,Spotted Dove,train,8
xc207665_3351.wav,White-throated Kingfisher,train,10
xc664308_30319.wav,Common Iora,train,2
xc293219_26097.wav,Collared Kingfisher,train,1
xc835177_1335.wav,Common Tailorbird,train,3
xc342486_4080.wav,Yellow-vented Bulbul,train,11
xc834665_24345.wav,Common Tailorbird,train,3
xc797018_10399.wav,White-throated Kingfisher,train,10
xc825797_35205.wav,Collared Kingfisher,train,1
xc709690_642.wav,Common Tailorbird,train,3
xc857059_44926.wav,Coppersmith Barbet,train,4
xc639792_6365.wav,Large-tailed Nightjar,train,5
xc507731_21954.wav,Large-tailed Nightjar,train,5
xc311271_17344.wav,Asian Koel,train,0
xc797016_34149.wav,White-throated Kingfisher,train,10
xc787542_24893.wav,Yellow-vented Bulbul,train,11
xc954622_14408.wav,Pied Fantail,train,7
xc607345_40697.wav,Olive-backed Sunbird,train,6
xc359295_309.wav,Yellow-vented Bulbul,train,11
xc1067842_3327.wav,White-breasted Waterhen,train,9
xc356320_16919.wav,Coppersmith Barbet,train,4
xc183486_15629.wav,Common Tailorbird,train,3
xc921512_11643.wav,White-throated Kingfisher,train,10
xc893849_19609.wav,Coppersmith Barbet,train,4
xc835407_6031.wav,Olive-backed Sunbird,train,6
xc649545_2035.wav,Pied Fantail,train,7
xc754568_20257.wav,Olive-backed Sunbird,train,6
xc956393_67532.wav,White-breasted Waterhen,train,9
xc166251_18944.wav,Asian Koel,train,0
xc68831_62864.wav,Olive-backed Sunbird,train,6
xc209215_58705.wav,White-throated Kingfisher,train,10
xc311310_3472.wav,White-throated Kingfisher,train,10
xc956691_27905.wav,Large-tailed Nightjar,train,5
xc190308_1236.wav,Asian Koel,train,0
xc161199_5739.wav,Asian Koel,train,0
xc956362_11166.wav,White-breasted Waterhen,train,9
xc956393_31421.wav,White-breasted Waterhen,train,9
xc537915_834.wav,Pied Fantail,train,7
xc835386_37144.wav,Olive-backed Sunbird,train,6
xc197127_15908.wav,Common Iora,train,2
xc442555_3000.wav,White-breasted Waterhen,train,9
xc290553_39916.wav,Collared Kingfisher,train,1
xc551633_34590.wav,Asian Koel,train,0
xc727577_45025.wav,Spotted Dove,train,8
xc551671_0.wav,White-throated Kingfisher,train,10
xc1027177_12000.wav,White-breasted Waterhen,train,9
xc501959_245850.wav,Yellow-vented Bulbul,train,11
xc342486_7116.wav,Yellow-vented Bulbul,train,11
xc1006540_17397.wav,Common Tailorbird,train,3
xc376315_3001.wav,Collared Kingfisher,train,1
xc102911_7939.wav,White-breasted Waterhen,train,9
xc183208_43208.wav,Spotted Dove,train,8
xc311131_1651.wav,Common Iora,train,2
xc892782_446.wav,Collared Kingfisher,train,1
xc24597_15632.wav,Spotted Dove,train,8
xc891369_3000.wav,Common Tailorbird,train,3
xc941512_10992.wav,Large-tailed Nightjar,train,5
xc402013_58995.wav,Collared Kingfisher,train,1
xc756510_68190.wav,Yellow-vented Bulbul,train,11
xc788763_0.wav,Yellow-vented Bulbul,train,11
xc1005522_3552.wav,Collared Kingfisher,train,1
xc189204_17673.wav,White-throated Kingfisher,train,10
xc426538_9812.wav,Asian Koel,train,0
xc35653_6062.wav,Common Iora,train,2
xc797016_39299.wav,White-throated Kingfisher,train,10
xc403966_18110.wav,Coppersmith Barbet,train,4
xc859462_19987.wav,Collared Kingfisher,train,1
xc311359_12532.wav,Coppersmith Barbet,train,4
xc723872_5359.wav,Spotted Dove,train,8
xc842013_63080.wav,Coppersmith Barbet,train,4
xc342488_20932.wav,Yellow-vented Bulbul,train,11
xc29386_12888.wav,Pied Fantail,train,7
xc875611_16092.wav,Spotted Dove,train,8
xc187343_94248.wav,Yellow-vented Bulbul,train,11
xc833597_681.wav,White-throated Kingfisher,train,10
xc620135_21679.wav,Coppersmith Barbet,train,4
xc290930_35384.wav,Olive-backed Sunbird,train,6
xc914094_37838.wav,Coppersmith Barbet,train,4
xc426433_28177.wav,Large-tailed Nightjar,train,5
xc782697_13769.wav,Yellow-vented Bulbul,train,11
xc203466_42271.wav,Olive-backed Sunbird,train,6
xc804558_48846.wav,Collared Kingfisher,train,1
xc327430_19913.wav,Asian Koel,train,0
xc31621_41028.wav,White-throated Kingfisher,train,10
xc810646_22080.wav,Large-tailed Nightjar,train,5
xc723482_0.wav,Spotted Dove,train,8
xc807231_36140.wav,Yellow-vented Bulbul,train,11
xc541293_8596.wav,Yellow-vented Bulbul,train,11
xc797864_15354.wav,Coppersmith Barbet,train,4
xc1079695_5119.wav,Olive-backed Sunbird,train,6
xc167085_186.wav,Yellow-vented Bulbul,train,11
xc646767_108.wav,Spotted Dove,train,8
xc96539_20175.wav,Common Iora,train,2
xc835177_20756.wav,Common Tailorbird,train,3
xc309568_8036.wav,Asian Koel,train,0
xc914094_348.wav,Coppersmith Barbet,train,4
xc179229_82770.wav,Asian Koel,train,0
xc97965_0.wav,Large-tailed Nightjar,train,5
xc711521_45674.wav,Common Iora,train,2
xc155937_0.wav,Large-tailed Nightjar,train,5
xc891369_9000.wav,Common Tailorbird,train,3
xc620135_9155.wav,Coppersmith Barbet,train,4
xc707485_20518.wav,Large-tailed Nightjar,train,5
xc756625_31258.wav,Large-tailed Nightjar,train,5
xc196584_12124.wav,Asian Koel,train,0
xc956691_17803.wav,Large-tailed Nightjar,train,5
xc531611_0.wav,Asian Koel,train,0
xc786219_46288.wav,Spotted Dove,train,8
xc956211_14340.wav,Asian Koel,train,0
xc621232_9000.wav,Collared Kingfisher,train,1
xc369387_11633.wav,Common Tailorbird,train,3
xc573898_19945.wav,White-throated Kingfisher,train,10
xc1004728_48141.wav,Olive-backed Sunbird,train,6
xc507731_26085.wav,Large-tailed Nightjar,train,5
xc359540_3356.wav,White-breasted Waterhen,train,9
xc956356_26468.wav,White-breasted Waterhen,train,9
xc956356_39213.wav,White-breasted Waterhen,train,9
xc834668_21298.wav,Common Tailorbird,train,3
xc189204_9704.wav,White-throated Kingfisher,train,10
xc209538_30817.wav,White-throated Kingfisher,train,10
xc371664_625.wav,Common Iora,train,2
xc241963_28347.wav,Olive-backed Sunbird,train,6
xc166758_29816.wav,Olive-backed Sunbird,train,6
xc181995_34355.wav,White-throated Kingfisher,train,10
xc26251_13741.wav,Common Iora,train,2
xc311311_10191.wav,White-throated Kingfisher,train,10
xc756624_6485.wav,Large-tailed Nightjar,train,5
xc919207_9542.wav,Common Tailorbird,train,3
xc684609_3292.wav,Collared Kingfisher,train,1
xc804558_68757.wav,Collared Kingfisher,train,1
xc192037_93.wav,Coppersmith Barbet,train,4
xc484451_50675.wav,Common Tailorbird,train,3
xc516499_54149.wav,Common Iora,train,2
xc30001_18094.wav,Pied Fantail,train,7
xc216356_11908.wav,Olive-backed Sunbird,train,6
xc621130_3962.wav,Pied Fantail,train,7
xc902374_17369.wav,Common Iora,train,2
xc962815_17487.wav,Common Iora,train,2
xc834666_20256.wav,Common Tailorbird,train,3
xc607345_58210.wav,Olive-backed Sunbird,train,6
xc1004382_3213.wav,Common Tailorbird,train,3
xc947681_1196.wav,Yellow-vented Bulbul,train,11
xc88110_55164.wav,Spotted Dove,train,8
xc582931_29226.wav,Pied Fantail,train,7
xc1002930_71446.wav,Spotted Dove,train,8
xc311133_24233.wav,Common Iora,train,2
xc547540_42652.wav,White-throated Kingfisher,train,10
xc647048_5294.wav,Collared Kingfisher,train,1
xc710634_19094.wav,Spotted Dove,train,8
xc203463_33119.wav,Olive-backed Sunbird,train,6
xc472751_8347.wav,White-throated Kingfisher,train,10
xc856162_27682.wav,Olive-backed Sunbird,train,6
xc754568_29164.wav,Olive-backed Sunbird,train,6
xc1009636_6789.wav,Coppersmith Barbet,train,4
xc956383_28.wav,White-breasted Waterhen,train,9
xc403727_10098.wav,Collared Kingfisher,train,1
xc122982_10565.wav,Coppersmith Barbet,train,4
xc507734_56837.wav,Large-tailed Nightjar,train,5
xc756511_41133.wav,Yellow-vented Bulbul,train,11
xc657958_5115.wav,Common Tailorbird,train,3
xc630802_4957.wav,Pied Fantail,train,7
xc646688_19894.wav,Pied Fantail,train,7
xc351669_557.wav,Large-tailed Nightjar,train,5
xc937964_68685.wav,Collared Kingfisher,train,1
xc952348_15557.wav,Pied Fantail,train,7
xc732059_2349.wav,Spotted Dove,train,8
xc167083_20245.wav,Yellow-vented Bulbul,train,11
xc959674_1691.wav,Olive-backed Sunbird,train,6
xc239282_3784.wav,Large-tailed Nightjar,train,5
xc430263_3387.wav,White-throated Kingfisher,train,10
xc547540_8822.wav,White-throated Kingfisher,train,10
xc290679_36123.wav,Common Iora,train,2
xc1009636_13476.wav,Coppersmith Barbet,train,4
xc766589_23627.wav,Spotted Dove,train,8
xc35733_2840.wav,Pied Fantail,train,7
xc622984_6000.wav,Coppersmith Barbet,train,4
xc711521_52167.wav,Common Iora,train,2
xc196584_43543.wav,Asian Koel,train,0
xc797030_10798.wav,Yellow-vented Bulbul,train,11
xc879570_7471.wav,Common Tailorbird,train,3
xc761749_8091.wav,Large-tailed Nightjar,train,5
xc290643_3480.wav,Yellow-vented Bulbul,train,11
xc161223_25257.wav,White-throated Kingfisher,train,10
xc995636_22872.wav,Asian Koel,train,0
xc956003_21335.wav,Common Tailorbird,train,3
xc649544_28693.wav,Pied Fantail,train,7
xc531612_9436.wav,Asian Koel,train,0
xc78438_27395.wav,Yellow-vented Bulbul,train,11
xc31590_4694.wav,Asian Koel,train,0
xc286053_3680.wav,White-breasted Waterhen,train,9
xc627998_10802.wav,Pied Fantail,train,7
xc956391_36050.wav,White-breasted Waterhen,train,9
xc198426_8510.wav,Common Iora,train,2
xc241963_9646.wav,Olive-backed Sunbird,train,6
xc351669_18557.wav,Large-tailed Nightjar,train,5
xc472751_4539.wav,White-throated Kingfisher,train,10
xc19938_3591.wav,Common Tailorbird,train,3
xc167082_43759.wav,Yellow-vented Bulbul,train,11
xc197838_3834.wav,Common Tailorbird,train,3
xc955872_9344.wav,Olive-backed Sunbird,train,6
xc78435_50993.wav,Asian Koel,train,0
xc198426_5187.wav,Common Iora,train,2
xc290554_292.wav,Collared Kingfisher,train,1
xc1016030_12937.wav,Olive-backed Sunbird,train,6
xc956442_11428.wav,White-breasted Waterhen,train,9
xc1071873_579.wav,Pied Fantail,train,7
xc892779_8458.wav,Large-tailed Nightjar,train,5
xc783708_10547.wav,White-breasted Waterhen,train,9
xc889942_49224.wav,Olive-backed Sunbird,train,6
xc158456_766.wav,Large-tailed Nightjar,train,5
xc938495_12474.wav,Olive-backed Sunbird,train,6
xc879570_34173.wav,Common Tailorbird,train,3
xc192031_24968.wav,Common Iora,train,2
xc547540_25268.wav,White-throated Kingfisher,train,10
xc1029034_41664.wav,Asian Koel,train,0
xc290931_32887.wav,Olive-backed Sunbird,train,6
xc947681_14381.wav,Yellow-vented Bulbul,train,11
xc582931_33552.wav,Pied Fantail,train,7
xc35836_15619.wav,Olive-backed Sunbird,train,6
xc891369_21000.wav,Common Tailorbird,train,3
xc906272_329.wav,Common Iora,train,2
xc551671_7693.wav,White-throated Kingfisher,train,10
xc825796_5792.wav,Collared Kingfisher,train,1
xc403966_37697.wav,Coppersmith Barbet,train,4
xc364385_6008.wav,Coppersmith Barbet,train,4
xc359295_42970.wav,Yellow-vented Bulbul,train,11
xc845719_6756.wav,White-throated Kingfisher,train,10
xc21133_3108.wav,Common Tailorbird,train,3
xc782696_0.wav,Collared Kingfisher,train,1
xc311313_2248.wav,White-throated Kingfisher,train,10
xc290760_7443.wav,Pied Fantail,train,7
xc1011129_3330.wav,Common Iora,train,2
xc269431_30712.wav,Olive-backed Sunbird,train,6
xc161259_6771.wav,Common Tailorbird,train,3
xc809702_27968.wav,White-throated Kingfisher,train,10
xc664308_16401.wav,Common Iora,train,2
xc809702_37502.wav,White-throated Kingfisher,train,10
xc188009_997.wav,Yellow-vented Bulbul,train,11
xc963804_0.wav,Yellow-vented Bulbul,train,11
xc835395_34133.wav,Olive-backed Sunbird,train,6
xc79314_6186.wav,Collared Kingfisher,train,1
xc956367_6286.wav,White-breasted Waterhen,train,9
xc239282_19004.wav,Large-tailed Nightjar,train,5
xc773797_0.wav,Spotted Dove,train,8
xc956383_30626.wav,White-breasted Waterhen,train,9
xc528823_798.wav,Coppersmith Barbet,train,4
xc360039_1879.wav,Yellow-vented Bulbul,train,11
xc507756_0.wav,White-throated Kingfisher,train,10
xc365386_18319.wav,White-throated Kingfisher,train,10
xc1047852_4146.wav,Yellow-vented Bulbul,train,11
xc151642_18380.wav,Collared Kingfisher,train,1
xc988109_22669.wav,Large-tailed Nightjar,train,5
xc19647_3136.wav,Common Tailorbird,train,3
xc1002657_2860.wav,Asian Koel,train,0
xc963967_30004.wav,Large-tailed Nightjar,train,5
xc327429_7447.wav,Pied Fantail,train,7
xc68831_35666.wav,Olive-backed Sunbird,train,6
xc818183_5970.wav,White-breasted Waterhen,train,9
xc311131_14712.wav,Common Iora,train,2
xc947681_11376.wav,Yellow-vented Bulbul,train,11
xc834669_15071.wav,Common Tailorbird,train,3
xc783505_7286.wav,Olive-backed Sunbird,train,6
xc879486_26766.wav,Spotted Dove,train,8
xc439490_19508.wav,Yellow-vented Bulbul,train,11
xc956211_4112.wav,Asian Koel,train,0
xc720008_15530.wav,Common Tailorbird,train,3
xc34509_4802.wav,Pied Fantail,train,7
xc19400_57109.wav,Asian Koel,train,0
xc957165_15642.wav,Large-tailed Nightjar,train,5
xc937965_54474.wav,Yellow-vented Bulbul,train,11
xc956375_12000.wav,White-breasted Waterhen,train,9
xc862837_23930.wav,Common Tailorbird,train,3
xc90551_10522.wav,Spotted Dove,train,8
xc25978_5227.wav,Large-tailed Nightjar,train,5
xc835409_4543.wav,Olive-backed Sunbird,train,6
xc842519_26569.wav,White-breasted Waterhen,train,9
xc956383_41052.wav,White-breasted Waterhen,train,9
xc895934_13347.wav,Coppersmith Barbet,train,4
xc197838_748.wav,Common Tailorbird,train,3
xc90551_25869.wav,Spotted Dove,train,8
xc498803_16327.wav,White-throated Kingfisher,train,10
xc891369_18000.wav,Common Tailorbird,train,3
xc841198_34173.wav,Common Iora,train,2
xc936859_50163.wav,Pied Fantail,train,7
xc164693_19096.wav,Collared Kingfisher,train,1
xc151312_19331.wav,Common Iora,train,2
xc150003_15071.wav,Yellow-vented Bulbul,train,11
xc908994_24785.wav,Common Iora,train,2
xc290641_3541.wav,Yellow-vented Bulbul,train,11
xc942724_16852.wav,Pied Fantail,train,7
xc295158_17268.wav,Collared Kingfisher,train,1
xc889942_6216.wav,Olive-backed Sunbird,train,6
xc207964_518.wav,Olive-backed Sunbird,train,6
xc607934_3994.wav,Pied Fantail,train,7
xc186559_15187.wav,Collared Kingfisher,train,1
xc365384_17946.wav,Coppersmith Barbet,train,4
xc38505_8100.wav,Common Iora,train,2
xc204552_40221.wav,Olive-backed Sunbird,train,6
xc742601_5377.wav,Spotted Dove,train,8
xc197127_103.wav,Common Iora,train,2
xc941325_711.wav,Common Tailorbird,train,3
xc998789_3000.wav,Common Tailorbird,train,3
xc949671_4244.wav,White-throated Kingfisher,train,10
xc977990_18781.wav,Collared Kingfisher,train,1
xc516499_44056.wav,Common Iora,train,2
xc883919_6962.wav,Common Tailorbird,train,3
xc531611_12000.wav,Asian Koel,train,0
xc896209_30636.wav,Collared Kingfisher,train,1
xc594950_7122.wav,Asian Koel,train,0
xc209213_1307.wav,White-throated Kingfisher,train,10
xc30001_21341.wav,Pied Fantail,train,7
xc1006365_11135.wav,Coppersmith Barbet,train,4
xc748185_28237.wav,Spotted Dove,train,8
xc919207_15542.wav,Common Tailorbird,train,3
xc862018_3000.wav,Olive-backed Sunbird,train,6
xc268331_3015.wav,Common Iora,train,2
xc619116_14574.wav,Olive-backed Sunbird,train,6
xc956438_9524.wav,White-breasted Waterhen,train,9
xc59702_6026.wav,Yellow-vented Bulbul,train,11
xc166758_9186.wav,Olive-backed Sunbird,train,6
xc617140_15390.wav,Yellow-vented Bulbul,train,11
xc447294_7506.wav,White-breasted Waterhen,train,9
xc688542_16473.wav,Spotted Dove,train,8
xc952005_25281.wav,Coppersmith Barbet,train,4
xc710635_938.wav,Spotted Dove,train,8
xc803973_25531.wav,Common Iora,train,2
xc897377_6961.wav,Olive-backed Sunbird,train,6
xc164692_12509.wav,Collared Kingfisher,train,1
xc290929_8495.wav,Olive-backed Sunbird,train,6
xc838780_25307.wav,Olive-backed Sunbird,train,6
xc856162_31687.wav,Olive-backed Sunbird,train,6
xc538803_4299.wav,Yellow-vented Bulbul,train,11
xc359639_12612.wav,Olive-backed Sunbird,train,6
xc196584_25162.wav,Asian Koel,train,0
xc78291_12041.wav,Spotted Dove,train,8
xc665274_0.wav,Spotted Dove,train,8
xc469471_17997.wav,Coppersmith Barbet,train,4
xc956404_33811.wav,White-breasted Waterhen,train,9
xc754359_16368.wav,Common Iora,train,2
xc835395_6723.wav,Olive-backed Sunbird,train,6
xc88421_16192.wav,Large-tailed Nightjar,train,5
xc290555_18108.wav,Collared Kingfisher,train,1
xc724736_6154.wav,Spotted Dove,train,8
xc630802_10435.wav,Pied Fantail,train,7
xc309568_4805.wav,Asian Koel,train,0
xc1005532_62.wav,Collared Kingfisher,train,1
xc150685_0.wav,Yellow-vented Bulbul,train,11
xc167082_20677.wav,Yellow-vented Bulbul,train,11
xc78291_0.wav,Spotted Dove,train,8
xc151342_21306.wav,White-breasted Waterhen,train,9
xc943196_14454.wav,Coppersmith Barbet,train,4
xc957165_6381.wav,Large-tailed Nightjar,train,5
xc723482_14642.wav,Spotted Dove,train,8
xc843764_12118.wav,White-breasted Waterhen,train,9
xc124365_21063.wav,Large-tailed Nightjar,train,5
xc150003_32651.wav,Yellow-vented Bulbul,train,11
xc710635_9938.wav,Spotted Dove,train,8
xc627998_4462.wav,Pied Fantail,train,7
xc365142_114313.wav,Large-tailed Nightjar,train,5
xc31621_13679.wav,White-throated Kingfisher,train,10
xc845705_95988.wav,Olive-backed Sunbird,train,6
xc311309_673.wav,White-throated Kingfisher,train,10
xc190859_1308.wav,White-breasted Waterhen,train,9
xc94032_24937.wav,Coppersmith Barbet,train,4
xc782696_17979.wav,Collared Kingfisher,train,1
xc161631_17784.wav,Yellow-vented Bulbul,train,11
xc293219_1902.wav,Collared Kingfisher,train,1
xc46585_41561.wav,Yellow-vented Bulbul,train,11
xc181995_13944.wav,White-throated Kingfisher,train,10
xc423125_29639.wav,Asian Koel,train,0
xc179229_18021.wav,Asian Koel,train,0
xc151642_31000.wav,Collared Kingfisher,train,1
xc812731_23831.wav,Asian Koel,train,0
xc35653_3062.wav,Common Iora,train,2
xc290553_26369.wav,Collared Kingfisher,train,1
xc239282_7739.wav,Large-tailed Nightjar,train,5
xc1019750_56985.wav,Spotted Dove,train,8
xc813888_23205.wav,Common Iora,train,2
xc879489_5884.wav,Spotted Dove,train,8
xc720544_10210.wav,White-throated Kingfisher,train,10
xc766589_20032.wav,Spotted Dove,train,8
xc192030_0.wav,Common Iora,train,2
xc361795_34793.wav,Pied Fantail,train,7
xc822911_30010.wav,Coppersmith Barbet,train,4
xc1002977_16552.wav,Collared Kingfisher,train,1
xc1047852_54799.wav,Yellow-vented Bulbul,train,11
xc893348_30577.wav,Common Tailorbird,train,3
xc207723_18823.wav,Common Iora,train,2
xc978467_127.wav,Collared Kingfisher,train,1
xc79567_17842.wav,White-throated Kingfisher,train,10
xc710634_4094.wav,Spotted Dove,train,8
xc1070371_12675.wav,Pied Fantail,train,7
xc78438_24395.wav,Yellow-vented Bulbul,train,11
xc1003558_19454.wav,Collared Kingfisher,train,1
xc35222_43070.wav,Coppersmith Barbet,train,4
xc371664_40704.wav,Common Iora,train,2
xc491974_15843.wav,Large-tailed Nightjar,train,5
xc181991_31606.wav,Asian Koel,train,0
xc268331_22931.wav,Common Iora,train,2
xc190308_24542.wav,Asian Koel,train,0
xc29594_6602.wav,Asian Koel,train,0
xc802979_11975.wav,Yellow-vented Bulbul,train,11
xc710635_27938.wav,Spotted Dove,train,8
xc573898_16756.wav,White-throated Kingfisher,train,10
xc518843_41917.wav,Asian Koel,train,0
xc877678_9804.wav,Common Tailorbird,train,3
xc431502_978.wav,White-throated Kingfisher,train,10
xc161631_57305.wav,Yellow-vented Bulbul,train,11
xc959674_22543.wav,Olive-backed Sunbird,train,6
xc530842_18351.wav,Coppersmith Barbet,train,4
xc783719_12317.wav,Coppersmith Barbet,train,4
xc782697_17982.wav,Yellow-vented Bulbul,train,11
xc290553_34222.wav,Collared Kingfisher,train,1
xc575559_3227.wav,Collared Kingfisher,train,1
xc565732_34077.wav,White-throated Kingfisher,train,10
xc902374_972.wav,Common Iora,train,2
xc944621_37261.wav,White-breasted Waterhen,train,9
xc777287_17795.wav,Common Iora,train,2
xc755258_44195.wav,Large-tailed Nightjar,train,5
xc191211_66446.wav,Common Tailorbird,train,3
xc371664_30389.wav,Common Iora,train,2
xc21133_12489.wav,Common Tailorbird,train,3
xc858215_356.wav,Olive-backed Sunbird,train,6
xc786978_3867.wav,Common Tailorbird,train,3
xc845706_68469.wav,Olive-backed Sunbird,train,6
xc756625_7359.wav,Large-tailed Nightjar,train,5
xc937965_2690.wav,Yellow-vented Bulbul,train,11
xc88412_691.wav,Spotted Dove,train,8
xc875611_5590.wav,Spotted Dove,train,8
xc555514_751.wav,Common Tailorbird,train,3
xc266132_6394.wav,Yellow-vented Bulbul,train,11
xc484451_47675.wav,Common Tailorbird,train,3
xc787963_18293.wav,Asian Koel,train,0
xc343310_18874.wav,Pied Fantail,train,7
xc442733_23284.wav,Pied Fantail,train,7
xc151312_23066.wav,Common Iora,train,2
xc264244_0.wav,Pied Fantail,train,7
xc1030898_29581.wav,Spotted Dove,train,8
xc904468_17436.wav,White-breasted Waterhen,train,9
xc190966_312.wav,Common Iora,train,2
xc956367_27097.wav,White-breasted Waterhen,train,9
xc124350_44588.wav,Common Iora,train,2
xc608941_27748.wav,Common Iora,train,2
xc937965_45027.wav,Yellow-vented Bulbul,train,11
xc807231_14922.wav,Yellow-vented Bulbul,train,11
xc783842_10996.wav,White-throated Kingfisher,train,10
xc79314_15186.wav,Collared Kingfisher,train,1
xc764945_76622.wav,White-breasted Waterhen,train,9
xc723978_38013.wav,Common Tailorbird,train,3
xc290553_15669.wav,Collared Kingfisher,train,1
xc385666_12242.wav,Common Tailorbird,train,3
xc179229_23700.wav,Asian Koel,train,0
xc832863_1196.wav,Olive-backed Sunbird,train,6
xc607345_34024.wav,Olive-backed Sunbird,train,6
xc197619_28434.wav,Collared Kingfisher,train,1
xc987413_19020.wav,Common Tailorbird,train,3
xc607934_35204.wav,Pied Fantail,train,7
xc351356_18661.wav,Coppersmith Barbet,train,4
xc157443_4793.wav,Pied Fantail,train,7
xc491974_41599.wav,Large-tailed Nightjar,train,5
xc600906_45987.wav,Common Iora,train,2
xc892778_18560.wav,Large-tailed Nightjar,train,5
xc665269_22082.wav,Coppersmith Barbet,train,4
xc986408_12156.wav,White-breasted Waterhen,train,9
xc842516_23627.wav,Olive-backed Sunbird,train,6
xc956392_3000.wav,White-breasted Waterhen,train,9
xc96539_33069.wav,Common Iora,train,2
xc984319_13865.wav,Large-tailed Nightjar,train,5
xc828236_532.wav,Large-tailed Nightjar,train,5
xc149307_20534.wav,Common Tailorbird,train,3
xc766589_11730.wav,Spotted Dove,train,8
xc805862_8746.wav,Collared Kingfisher,train,1
xc627998_1462.wav,Pied Fantail,train,7
xc461218_30498.wav,Yellow-vented Bulbul,train,11
xc893348_21711.wav,Common Tailorbird,train,3
xc956395_13933.wav,White-breasted Waterhen,train,9
xc786218_5725.wav,Asian Koel,train,0
xc973481_99993.wav,Large-tailed Nightjar,train,5
xc597327_5487.wav,Large-tailed Nightjar,train,5
xc797696_9893.wav,Large-tailed Nightjar,train,5
xc898777_825.wav,Common Tailorbird,train,3
xc157443_16529.wav,Pied Fantail,train,7
xc706576_69466.wav,Common Iora,train,2
xc78438_5395.wav,Yellow-vented Bulbul,train,11
xc1059444_355.wav,Pied Fantail,train,7
xc835405_7017.wav,Olive-backed Sunbird,train,6
xc297269_28038.wav,Common Iora,train,2
xc426433_12449.wav,Large-tailed Nightjar,train,5
xc639792_0.wav,Large-tailed Nightjar,train,5
xc1002977_6003.wav,Collared Kingfisher,train,1
xc954971_15687.wav,Coppersmith Barbet,train,4
xc954983_34873.wav,Yellow-vented Bulbul,train,11
xc192023_11359.wav,Collared Kingfisher,train,1
xc976113_539.wav,Large-tailed Nightjar,train,5
xc311311_40454.wav,White-throated Kingfisher,train,10
xc938488_21683.wav,Yellow-vented Bulbul,train,11
xc151136_109568.wav,Collared Kingfisher,train,1
xc578004_29522.wav,Yellow-vented Bulbul,train,11
xc777287_197.wav,Common Iora,train,2
xc353099_27110.wav,Large-tailed Nightjar,train,5
xc29594_20472.wav,Asian Koel,train,0
xc757224_31456.wav,Spotted Dove,train,8
xc209207_91440.wav,White-throated Kingfisher,train,10
xc555516_198.wav,Coppersmith Barbet,train,4
xc631908_6513.wav,Collared Kingfisher,train,1
xc998789_0.wav,Common Tailorbird,train,3
xc164689_35929.wav,Collared Kingfisher,train,1
xc192027_124.wav,Collared Kingfisher,train,1
xc1030461_13669.wav,White-breasted Waterhen,train,9
xc897282_981.wav,Coppersmith Barbet,train,4
xc720544_19743.wav,White-throated Kingfisher,train,10
xc805862_24163.wav,Collared Kingfisher,train,1
xc35653_17633.wav,Common Iora,train,2
xc756510_300.wav,Yellow-vented Bulbul,train,11
xc756624_24965.wav,Large-tailed Nightjar,train,5
xc875469_22606.wav,Spotted Dove,train,8
xc353099_0.wav,Large-tailed Nightjar,train,5
xc166850_3327.wav,Collared Kingfisher,train,1
xc433841_16210.wav,Spotted Dove,train,8
xc956426_53951.wav,White-breasted Waterhen,train,9
xc956003_8.wav,Common Tailorbird,train,3
xc198426_14067.wav,Common Iora,train,2
xc188009_47655.wav,Yellow-vented Bulbul,train,11
xc181995_26220.wav,White-throated Kingfisher,train,10
xc78291_24004.wav,Spotted Dove,train,8
xc38335_10140.wav,Asian Koel,train,0
xc710640_3595.wav,Spotted Dove,train,8
xc351669_9557.wav,Large-tailed Nightjar,train,5
xc519945_17766.wav,Pied Fantail,train,7
xc197619_4476.wav,Collared Kingfisher,train,1
xc607345_54491.wav,Olive-backed Sunbird,train,6
xc462432_470.wav,White-breasted Waterhen,train,9
xc462432_34729.wav,White-breasted Waterhen,train,9
xc777287_9348.wav,Common Iora,train,2
xc757224_6085.wav,Spotted Dove,train,8
xc88187_3349.wav,Olive-backed Sunbird,train,6
xc735667_17264.wav,Asian Koel,train,0
xc895678_68445.wav,Large-tailed Nightjar,train,5
xc161431_20840.wav,Asian Koel,train,0
xc756569_5959.wav,Spotted Dove,train,8
xc365385_23104.wav,White-throated Kingfisher,train,10
xc362047_16787.wav,Large-tailed Nightjar,train,5
xc782696_10711.wav,Collared Kingfisher,train,1
xc877674_5088.wav,Olive-backed Sunbird,train,6
xc797030_5797.wav,Yellow-vented Bulbul,train,11
xc954983_37873.wav,Yellow-vented Bulbul,train,11
xc362686_32028.wav,Large-tailed Nightjar,train,5
xc30000_17916.wav,Pied Fantail,train,7
xc721346_25768.wav,Common Tailorbird,train,3
xc513453_20907.wav,White-throated Kingfisher,train,10
xc161191_113.wav,Asian Koel,train,0
xc845706_62874.wav,Olive-backed Sunbird,train,6
xc657958_35286.wav,Common Tailorbird,train,3
xc877987_36613.wav,Spotted Dove,train,8
xc290641_12555.wav,Yellow-vented Bulbul,train,11
xc820684_6616.wav,Large-tailed Nightjar,train,5
xc311308_3000.wav,White-throated Kingfisher,train,10
xc311498_20519.wav,Spotted Dove,train,8
xc204552_35152.wav,Olive-backed Sunbird,train,6
xc783854_12087.wav,White-breasted Waterhen,train,9
xc509761_9077.wav,Yellow-vented Bulbul,train,11
xc155937_22890.wav,Large-tailed Nightjar,train,5
xc507734_29370.wav,Large-tailed Nightjar,train,5
xc710195_12443.wav,Coppersmith Barbet,train,4
xc359318_205.wav,Large-tailed Nightjar,train,5
xc86947_34224.wav,Collared Kingfisher,train,1
xc35804_3475.wav,Asian Koel,train,0
xc73024_41897.wav,Asian Koel,train,0
xc895678_33929.wav,Large-tailed Nightjar,train,5
xc59702_31725.wav,Yellow-vented Bulbul,train,11
xc303532_3241.wav,White-breasted Waterhen,train,9
xc151136_61201.wav,Collared Kingfisher,train,1
xc802979_6409.wav,Yellow-vented Bulbul,train,11
xc860813_56701.wav,Olive-backed Sunbird,train,6
xc845703_6098.wav,Olive-backed Sunbird,train,6
xc619809_17959.wav,Collared Kingfisher,train,1
xc40065_13390.wav,Yellow-vented Bulbul,train,11
xc401214_9000.wav,Coppersmith Barbet,train,4
xc954971_11038.wav,Coppersmith Barbet,train,4
xc840689_3824.wav,Large-tailed Nightjar,train,5
xc96539_8533.wav,Common Iora,train,2
xc530839_3656.wav,Coppersmith Barbet,train,4
xc171263_36010.wav,Common Tailorbird,train,3
xc197605_10605.wav,White-throated Kingfisher,train,10
xc616402_16914.wav,Yellow-vented Bulbul,train,11
xc534568_23736.wav,Coppersmith Barbet,train,4
xc825797_5045.wav,Collared Kingfisher,train,1
xc956375_9000.wav,White-breasted Waterhen,train,9
xc835407_31.wav,Olive-backed Sunbird,train,6
xc578004_25796.wav,Yellow-vented Bulbul,train,11
xc161477_11963.wav,Common Iora,train,2
xc209538_36536.wav,White-throated Kingfisher,train,10
xc164689_32610.wav,Collared Kingfisher,train,1
xc578004_54775.wav,Yellow-vented Bulbul,train,11
xc439489_11651.wav,Olive-backed Sunbird,train,6
xc938488_8014.wav,Yellow-vented Bulbul,train,11
xc197619_19304.wav,Collared Kingfisher,train,1
xc956413_21045.wav,White-breasted Waterhen,train,9
xc44805_4908.wav,Coppersmith Barbet,train,4
xc1019750_44933.wav,Spotted Dove,train,8
xc369547_19682.wav,Spotted Dove,train,8
xc29386_1253.wav,Pied Fantail,train,7
xc962815_12431.wav,Common Iora,train,2
xc1073421_14118.wav,Large-tailed Nightjar,train,5
xc909605_559.wav,Olive-backed Sunbird,train,6
xc786978_10106.wav,Common Tailorbird,train,3
xc707529_23608.wav,Common Iora,train,2
xc754359_19715.wav,Common Iora,train,2
xc647854_10790.wav,Common Tailorbird,train,3
xc472751_25703.wav,White-throated Kingfisher,train,10
xc303760_8095.wav,Common Iora,train,2
xc724405_33816.wav,White-breasted Waterhen,train,9
xc941519_34280.wav,Common Iora,train,2
xc191211_77731.wav,Common Tailorbird,train,3
xc269988_20034.wav,Collared Kingfisher,train,1
xc612274_0.wav,Large-tailed Nightjar,train,5
xc621463_0.wav,White-throated Kingfisher,train,10
xc938495_15522.wav,Olive-backed Sunbird,train,6
xc799302_58875.wav,Common Iora,train,2
xc189108_3000.wav,Common Iora,train,2
xc369312_6727.wav,Coppersmith Barbet,train,4
xc639792_13000.wav,Large-tailed Nightjar,train,5
xc96538_17599.wav,Common Iora,train,2
xc96539_16712.wav,Common Iora,train,2
xc777287_32353.wav,Common Iora,train,2
xc290757_18867.wav,Pied Fantail,train,7
xc954622_10923.wav,Pied Fantail,train,7
xc783719_1714.wav,Coppersmith Barbet,train,4
xc1002981_13479.wav,Coppersmith Barbet,train,4
xc834665_14959.wav,Common Tailorbird,train,3
xc350583_1206.wav,Pied Fantail,train,7
xc29594_13949.wav,Asian Koel,train,0
xc797495_29323.wav,White-breasted Waterhen,train,9
xc124367_4160.wav,Large-tailed Nightjar,train,5
xc121824_39351.wav,Collared Kingfisher,train,1
xc124365_0.wav,Large-tailed Nightjar,train,5
xc807231_1231.wav,Yellow-vented Bulbul,train,11
xc1073421_5163.wav,Large-tailed Nightjar,train,5
xc460165_24069.wav,White-throated Kingfisher,train,10
xc311306_4230.wav,White-throated Kingfisher,train,10
xc773797_12721.wav,Spotted Dove,train,8
xc365384_53034.wav,Coppersmith Barbet,train,4
xc350597_2752.wav,Yellow-vented Bulbul,train,11
xc553021_24828.wav,Pied Fantail,train,7
xc706576_42074.wav,Common Iora,train,2
xc959674_4919.wav,Olive-backed Sunbird,train,6
xc630802_31960.wav,Pied Fantail,train,7
xc962818_6526.wav,Coppersmith Barbet,train,4
xc787531_34447.wav,Pied Fantail,train,7
xc474093_9462.wav,Spotted Dove,train,8
xc185648_25494.wav,Spotted Dove,train,8
xc35836_18619.wav,Olive-backed Sunbird,train,6
xc879570_31173.wav,Common Tailorbird,train,3
xc754359_31520.wav,Common Iora,train,2
xc956436_18319.wav,White-breasted Waterhen,train,9
xc723871_19868.wav,Spotted Dove,train,8
xc665384_52841.wav,Pied Fantail,train,7
xc942724_10201.wav,Pied Fantail,train,7
xc208814_3364.wav,White-throated Kingfisher,train,10
xc35804_166.wav,Asian Koel,train,0
xc862837_8914.wav,Common Tailorbird,train,3
xc514743_8446.wav,Asian Koel,train,0
xc809146_22130.wav,Large-tailed Nightjar,train,5
xc157443_19529.wav,Pied Fantail,train,7
xc788680_21858.wav,Asian Koel,train,0
xc498803_32546.wav,White-throated Kingfisher,train,10
xc956362_34818.wav,White-breasted Waterhen,train,9
xc311313_11617.wav,White-throated Kingfisher,train,10
xc1047852_42916.wav,Yellow-vented Bulbul,train,11
xc124434_6079.wav,White-breasted Waterhen,train,9
xc575559_51139.wav,Collared Kingfisher,train,1
xc919207_12542.wav,Common Tailorbird,train,3
xc879002_974.wav,Coppersmith Barbet,train,4
xc941383_4686.wav,Coppersmith Barbet,train,4
xc956403_27142.wav,White-breasted Waterhen,train,9
xc161223_5280.wav,White-throated Kingfisher,train,10
xc809896_4820.wav,Large-tailed Nightjar,train,5
xc986143_0.wav,White-throated Kingfisher,train,10
xc782697_37736.wav,Yellow-vented Bulbul,train,11
xc720008_9529.wav,Common Tailorbird,train,3
xc204898_10315.wav,Collared Kingfisher,train,1
xc635320_10725.wav,Asian Koel,train,0
xc401924_11746.wav,Pied Fantail,train,7
xc944621_21516.wav,White-breasted Waterhen,train,9
xc166758_19300.wav,Olive-backed Sunbird,train,6
xc889914_7423.wav,Olive-backed Sunbird,train,6
xc94272_15944.wav,Pied Fantail,train,7
xc1030707_460.wav,Common Tailorbird,train,3
xc268433_3089.wav,Common Iora,train,2
xc956355_34107.wav,White-breasted Waterhen,train,9
xc834668_3298.wav,Common Tailorbird,train,3
xc786219_1684.wav,Spotted Dove,train,8
xc150717_18976.wav,White-breasted Waterhen,train,9
xc845703_24284.wav,Olive-backed Sunbird,train,6
xc351669_3557.wav,Large-tailed Nightjar,train,5
xc672602_3736.wav,Asian Koel,train,0
xc350583_50403.wav,Pied Fantail,train,7
xc664633_35496.wav,Coppersmith Barbet,train,4
xc963788_0.wav,Olive-backed Sunbird,train,6
xc619809_1163.wav,Collared Kingfisher,train,1
xc879002_26781.wav,Coppersmith Barbet,train,4
xc732059_21724.wav,Spotted Dove,train,8
xc94267_85.wav,Pied Fantail,train,7
xc534388_4721.wav,Asian Koel,train,0
xc875469_16606.wav,Spotted Dove,train,8
xc44805_29438.wav,Coppersmith Barbet,train,4
xc657630_8425.wav,Large-tailed Nightjar,train,5
xc164689_16168.wav,Collared Kingfisher,train,1
xc78435_82727.wav,Asian Koel,train,0
xc397623_41865.wav,Olive-backed Sunbird,train,6
xc856162_18680.wav,Olive-backed Sunbird,train,6
xc359318_4158.wav,Large-tailed Nightjar,train,5
xc401924_3092.wav,Pied Fantail,train,7
xc86947_40698.wav,Collared Kingfisher,train,1
xc1019750_34811.wav,Spotted Dove,train,8
xc649545_44025.wav,Pied Fantail,train,7
xc151312_43781.wav,Common Iora,train,2
xc845705_42941.wav,Olive-backed Sunbird,train,6
xc369567_3642.wav,Collared Kingfisher,train,1
xc269430_3832.wav,Olive-backed Sunbird,train,6
xc161198_13995.wav,Asian Koel,train,0
xc1004365_15056.wav,Pied Fantail,train,7
xc1071730_22802.wav,Large-tailed Nightjar,train,5
xc208768_4376.wav,White-throated Kingfisher,train,10
xc665269_10594.wav,Coppersmith Barbet,train,4
xc838780_32058.wav,Olive-backed Sunbird,train,6
xc509761_15946.wav,Yellow-vented Bulbul,train,11
xc278752_707.wav,White-throated Kingfisher,train,10
xc311311_696.wav,White-throated Kingfisher,train,10
xc835194_13423.wav,Common Tailorbird,train,3
xc269430_24370.wav,Olive-backed Sunbird,train,6
xc782697_28643.wav,Yellow-vented Bulbul,train,11
xc24597_18865.wav,Spotted Dove,train,8
xc956392_33659.wav,White-breasted Waterhen,train,9
xc295158_1180.wav,Collared Kingfisher,train,1
xc956393_58054.wav,White-breasted Waterhen,train,9
xc711521_8180.wav,Common Iora,train,2
xc953305_4152.wav,Asian Koel,train,0
xc842013_8541.wav,Coppersmith Barbet,train,4
xc977990_6781.wav,Collared Kingfisher,train,1
xc555515_6916.wav,Common Tailorbird,train,3
xc105148_15449.wav,White-breasted Waterhen,train,9
xc978467_37338.wav,Collared Kingfisher,train,1
xc423125_16602.wav,Asian Koel,train,0
xc664633_44947.wav,Coppersmith Barbet,train,4
xc895736_70137.wav,Pied Fantail,train,7
xc906828_5888.wav,White-breasted Waterhen,train,9
xc472753_6140.wav,White-throated Kingfisher,train,10
xc192166_17016.wav,Pied Fantail,train,7
xc834667_20860.wav,Common Tailorbird,train,3
xc192026_2216.wav,Collared Kingfisher,train,1
xc978467_3601.wav,Collared Kingfisher,train,1
xc810646_31012.wav,Large-tailed Nightjar,train,5
xc162827_3000.wav,Asian Koel,train,0
xc269435_113.wav,Collared Kingfisher,train,1
xc947681_4328.wav,Yellow-vented Bulbul,train,11
xc507731_30347.wav,Large-tailed Nightjar,train,5
xc23823_15758.wav,Olive-backed Sunbird,train,6
xc209207_12066.wav,White-throated Kingfisher,train,10
xc351356_1068.wav,Coppersmith Barbet,train,4
xc507756_48820.wav,White-throated Kingfisher,train,10
xc531534_24000.wav,Coppersmith Barbet,train,4
xc778394_22648.wav,Large-tailed Nightjar,train,5
xc835409_11073.wav,Olive-backed Sunbird,train,6
xc409378_32342.wav,Pied Fantail,train,7
xc498810_0.wav,White-throated Kingfisher,train,10
xc342489_12091.wav,Yellow-vented Bulbul,train,11
xc713871_3979.wav,Common Tailorbird,train,3
xc369314_38197.wav,Coppersmith Barbet,train,4
xc721346_18442.wav,Common Tailorbird,train,3
xc754359_27000.wav,Common Iora,train,2
xc531612_6440.wav,Asian Koel,train,0
xc724411_14502.wav,White-breasted Waterhen,train,9
xc871206_27000.wav,Common Tailorbird,train,3
xc909605_19223.wav,Olive-backed Sunbird,train,6
xc290585_7779.wav,Coppersmith Barbet,train,4
xc941512_7962.wav,Large-tailed Nightjar,train,5
xc181995_42169.wav,White-throated Kingfisher,train,10
xc1069346_3255.wav,Coppersmith Barbet,train,4
xc133013_16436.wav,Asian Koel,train,0
xc478316_5826.wav,Pied Fantail,train,7
xc950611_5945.wav,Common Tailorbird,train,3
xc161439_6177.wav,Coppersmith Barbet,train,4
xc710634_10094.wav,Spotted Dove,train,8
xc507731_18785.wav,Large-tailed Nightjar,train,5
xc671743_6500.wav,Coppersmith Barbet,train,4
xc269432_15672.wav,Olive-backed Sunbird,train,6
xc109957_48334.wav,Olive-backed Sunbird,train,6
xc121824_16056.wav,Collared Kingfisher,train,1
xc956442_1899.wav,White-breasted Waterhen,train,9
xc477311_17800.wav,Yellow-vented Bulbul,train,11
xc977990_12781.wav,Collared Kingfisher,train,1
xc161260_36704.wav,Common Tailorbird,train,3
xc884362_0.wav,Spotted Dove,train,8
xc161188_3000.wav,Coppersmith Barbet,train,4
xc40065_425.wav,Yellow-vented Bulbul,train,11
xc350597_6945.wav,Yellow-vented Bulbul,train,11
xc617140_0.wav,Yellow-vented Bulbul,train,11
xc938653_5544.wav,Yellow-vented Bulbul,train,11
xc908994_1228.wav,Common Iora,train,2
xc474093_21298.wav,Spotted Dove,train,8
xc941325_3711.wav,Common Tailorbird,train,3
xc724545_947.wav,Collared Kingfisher,train,1
xc623017_16000.wav,Common Tailorbird,train,3
xc400193_8629.wav,Asian Koel,train,0
xc381376_63.wav,White-throated Kingfisher,train,10
xc365385_32870.wav,White-throated Kingfisher,train,10
xc209943_6901.wav,Coppersmith Barbet,train,4
xc186559_25571.wav,Collared Kingfisher,train,1
xc179229_3349.wav,Asian Koel,train,0
xc841000_814.wav,Olive-backed Sunbird,train,6
xc196584_52519.wav,Asian Koel,train,0
xc294977_4708.wav,Pied Fantail,train,7
xc710635_24938.wav,Spotted Dove,train,8
xc362686_1732.wav,Large-tailed Nightjar,train,5
xc498802_59834.wav,White-throated Kingfisher,train,10
xc803097_429.wav,Asian Koel,train,0
xc269435_3111.wav,Collared Kingfisher,train,1
xc311131_11019.wav,Common Iora,train,2
xc982016_5659.wav,White-breasted Waterhen,train,9
xc359638_2041.wav,Olive-backed Sunbird,train,6
xc952005_29544.wav,Coppersmith Barbet,train,4
xc857059_34654.wav,Coppersmith Barbet,train,4
xc402013_43743.wav,Collared Kingfisher,train,1
xc810645_21526.wav,Large-tailed Nightjar,train,5
xc23823_19230.wav,Olive-backed Sunbird,train,6
xc309568_11850.wav,Asian Koel,train,0
xc962818_12996.wav,Coppersmith Barbet,train,4
xc839569_23368.wav,Spotted Dove,train,8
xc583144_29932.wav,White-breasted Waterhen,train,9
xc192031_10431.wav,Common Iora,train,2
xc1019748_25243.wav,Spotted Dove,train,8
xc730935_3676.wav,Collared Kingfisher,train,1
xc290584_7650.wav,Coppersmith Barbet,train,4
xc161431_31311.wav,Asian Koel,train,0
xc161260_62266.wav,Common Tailorbird,train,3
xc68677_23935.wav,Coppersmith Barbet,train,4
xc594949_8753.wav,Asian Koel,train,0
xc94272_3878.wav,Pied Fantail,train,7
xc621232_6000.wav,Collared Kingfisher,train,1
xc38335_26929.wav,Asian Koel,train,0
xc936859_34702.wav,Pied Fantail,train,7
xc647854_7795.wav,Common Tailorbird,train,3
xc963967_404.wav,Large-tailed Nightjar,train,5
xc859462_11766.wav,Collared Kingfisher,train,1
xc754241_68430.wav,Coppersmith Barbet,train,4
xc68831_49472.wav,Olive-backed Sunbird,train,6
xc26057_16755.wav,Common Iora,train,2
xc956438_6000.wav,White-breasted Waterhen,train,9
xc531612_18000.wav,Asian Koel,train,0
xc944621_7539.wav,White-breasted Waterhen,train,9
xc892778_15146.wav,Large-tailed Nightjar,train,5
xc26251_28659.wav,Common Iora,train,2
xc936859_38157.wav,Pied Fantail,train,7
xc149307_26295.wav,Common Tailorbird,train,3
xc701873_30833.wav,Coppersmith Barbet,train,4
xc983831_1567.wav,Asian Koel,train,0
xc797696_12893.wav,Large-tailed Nightjar,train,5
xc754354_4132.wav,Common Iora,train,2
xc551633_16305.wav,Asian Koel,train,0
xc29594_23886.wav,Asian Koel,train,0
xc290585_15712.wav,Coppersmith Barbet,train,4
xc211553_3060.wav,Common Iora,train,2
xc736038_312.wav,Spotted Dove,train,8
xc162827_6000.wav,Asian Koel,train,0
xc157443_0.wav,Pied Fantail,train,7
xc189420_658.wav,Asian Koel,train,0
xc893119_48003.wav,Pied Fantail,train,7
xc635320_29995.wav,Asian Koel,train,0
xc498806_28088.wav,White-throated Kingfisher,train,10
xc311399_8256.wav,Common Tailorbird,train,3
xc984319_10282.wav,Large-tailed Nightjar,train,5
xc171754_22872.wav,Large-tailed Nightjar,train,5
xc606184_0.wav,Yellow-vented Bulbul,train,11
xc78435_19209.wav,Asian Koel,train,0
xc403966_23263.wav,Coppersmith Barbet,train,4
xc149689_3433.wav,Common Tailorbird,train,3
xc816755_12207.wav,Pied Fantail,train,7
xc371664_5739.wav,Common Iora,train,2
xc839569_12678.wav,Spotted Dove,train,8
xc311399_3359.wav,Common Tailorbird,train,3
xc150891_10014.wav,Common Iora,train,2
xc897259_1862.wav,Yellow-vented Bulbul,train,11
xc79566_0.wav,White-throated Kingfisher,train,10
xc952005_12389.wav,Coppersmith Barbet,train,4
xc788037_3014.wav,Olive-backed Sunbird,train,6
xc1070586_24638.wav,Large-tailed Nightjar,train,5
xc963967_21966.wav,Large-tailed Nightjar,train,5
xc941512_25148.wav,Large-tailed Nightjar,train,5
xc122982_893.wav,Coppersmith Barbet,train,4
xc955872_6344.wav,Olive-backed Sunbird,train,6
xc892825_538.wav,Olive-backed Sunbird,train,6
xc914182_124.wav,Common Tailorbird,train,3
xc908994_11878.wav,Common Iora,train,2
xc896209_34239.wav,Collared Kingfisher,train,1
xc1046270_0.wav,Spotted Dove,train,8
xc623017_1000.wav,Common Tailorbird,train,3
xc834665_224.wav,Common Tailorbird,train,3
xc185772_45348.wav,Yellow-vented Bulbul,train,11
xc442555_0.wav,White-breasted Waterhen,train,9
xc94270_3520.wav,Pied Fantail,train,7
xc723978_42673.wav,Common Tailorbird,train,3
xc786219_27916.wav,Spotted Dove,train,8
xc610177_5120.wav,Yellow-vented Bulbul,train,11
xc713871_10160.wav,Common Tailorbird,train,3
xc402013_34211.wav,Collared Kingfisher,train,1
xc150717_62750.wav,White-breasted Waterhen,train,9
xc187429_2216.wav,Common Iora,train,2
xc952348_37240.wav,Pied Fantail,train,7
xc742601_28593.wav,Spotted Dove,train,8
xc152651_26004.wav,Pied Fantail,train,7
xc858215_22993.wav,Olive-backed Sunbird,train,6
xc804558_2126.wav,Collared Kingfisher,train,1
xc956391_23799.wav,White-breasted Waterhen,train,9
xc934683_27291.wav,Pied Fantail,train,7
xc236515_10244.wav,Asian Koel,train,0
xc616396_0.wav,Olive-backed Sunbird,train,6
xc1035372_19860.wav,Spotted Dove,train,8
xc414018_511.wav,Asian Koel,train,0
xc671783_8707.wav,Yellow-vented Bulbul,train,11
xc952352_5816.wav,Coppersmith Barbet,train,4
xc730877_6.wav,Pied Fantail,train,7
xc845720_3000.wav,White-throated Kingfisher,train,10
xc1030707_24891.wav,Common Tailorbird,train,3
xc986408_43467.wav,White-breasted Waterhen,train,9
xc895736_7239.wav,Pied Fantail,train,7
xc812733_3571.wav,Asian Koel,train,0
xc78288_0.wav,Spotted Dove,train,8
xc818183_29970.wav,White-breasted Waterhen,train,9
xc507756_19712.wav,White-throated Kingfisher,train,10
xc1050124_21424.wav,Coppersmith Barbet,train,4
xc843764_55557.wav,White-breasted Waterhen,train,9
xc956417_13162.wav,White-breasted Waterhen,train,9
xc39156_25323.wav,Collared Kingfisher,train,1
xc530844_3671.wav,Coppersmith Barbet,train,4
xc956413_24095.wav,White-breasted Waterhen,train,9
xc823426_23113.wav,Pied Fantail,train,7
xc156229_7120.wav,White-breasted Waterhen,train,9
xc956404_50183.wav,White-breasted Waterhen,train,9
xc311311_44501.wav,White-throated Kingfisher,train,10
xc311399_14922.wav,Common Tailorbird,train,3
xc394034_7977.wav,Large-tailed Nightjar,train,5
xc856162_12680.wav,Olive-backed Sunbird,train,6
xc959674_8906.wav,Olive-backed Sunbird,train,6
xc124367_28672.wav,Large-tailed Nightjar,train,5
xc879486_33763.wav,Spotted Dove,train,8
xc541293_18956.wav,Yellow-vented Bulbul,train,11
xc311306_294.wav,White-throated Kingfisher,train,10
xc871033_14474.wav,Pied Fantail,train,7
xc184289_21557.wav,Common Iora,train,2
xc977990_9781.wav,Collared Kingfisher,train,1
xc318468_1420.wav,White-breasted Waterhen,train,9
xc88110_12905.wav,Spotted Dove,train,8
xc841198_31181.wav,Common Iora,train,2
xc956355_50866.wav,White-breasted Waterhen,train,9
xc158456_26770.wav,Large-tailed Nightjar,train,5
xc875644_14030.wav,Coppersmith Barbet,train,4
xc513453_54047.wav,White-throated Kingfisher,train,10
xc73024_66593.wav,Asian Koel,train,0
xc360039_20824.wav,Yellow-vented Bulbul,train,11
xc841872_19128.wav,Spotted Dove,train,8
xc68676_19156.wav,Coppersmith Barbet,train,4
xc161199_20301.wav,Asian Koel,train,0
xc290585_10895.wav,Coppersmith Barbet,train,4
xc31621_18094.wav,White-throated Kingfisher,train,10
xc802979_32128.wav,Yellow-vented Bulbul,train,11
xc871206_9000.wav,Common Tailorbird,train,3
xc756511_14180.wav,Yellow-vented Bulbul,train,11
xc721355_3267.wav,Common Tailorbird,train,3
xc24597_1922.wav,Spotted Dove,train,8
xc343310_15874.wav,Pied Fantail,train,7
xc756430_67629.wav,Pied Fantail,train,7
xc68831_8119.wav,Olive-backed Sunbird,train,6
xc487800_636.wav,Yellow-vented Bulbul,train,11
xc27261_6015.wav,Coppersmith Barbet,train,4
xc1004382_6213.wav,Common Tailorbird,train,3
xc290529_4192.wav,Large-tailed Nightjar,train,5
xc619809_5299.wav,Collared Kingfisher,train,1
xc1063688_23336.wav,Large-tailed Nightjar,train,5
xc68677_14542.wav,Coppersmith Barbet,train,4
xc834665_21145.wav,Common Tailorbird,train,3
xc184706_49534.wav,White-throated Kingfisher,train,10
xc955002_491.wav,Olive-backed Sunbird,train,6
xc583630_959.wav,White-breasted Waterhen,train,9
xc403966_13682.wav,Coppersmith Barbet,train,4
xc290760_3701.wav,Pied Fantail,train,7
xc895934_25599.wav,Coppersmith Barbet,train,4
xc439490_11453.wav,Yellow-vented Bulbul,train,11
xc956403_452.wav,White-breasted Waterhen,train,9
xc1034184_27164.wav,Pied Fantail,train,7
xc845705_21346.wav,Olive-backed Sunbird,train,6
xc187429_24000.wav,Common Iora,train,2
xc573898_972.wav,White-throated Kingfisher,train,10
xc162827_0.wav,Asian Koel,train,0
xc1062730_17648.wav,Spotted Dove,train,8
xc956404_68138.wav,White-breasted Waterhen,train,9
xc919207_6542.wav,Common Tailorbird,train,3
xc952352_1302.wav,Coppersmith Barbet,train,4
xc88421_50091.wav,Large-tailed Nightjar,train,5
xc710195_5748.wav,Coppersmith Barbet,train,4
xc507731_11467.wav,Large-tailed Nightjar,train,5
xc81310_19625.wav,Spotted Dove,train,8
xc785098_36239.wav,Pied Fantail,train,7
xc191211_309.wav,Common Tailorbird,train,3
xc895934_18471.wav,Coppersmith Barbet,train,4
xc1030461_3182.wav,White-breasted Waterhen,train,9
xc834670_653.wav,Common Tailorbird,train,3
xc956691_24526.wav,Large-tailed Nightjar,train,5
xc893700_1222.wav,Collared Kingfisher,train,1
xc787537_6916.wav,Pied Fantail,train,7
xc462432_12404.wav,White-breasted Waterhen,train,9
xc150003_144.wav,Yellow-vented Bulbul,train,11
xc1019748_91621.wav,Spotted Dove,train,8
xc619809_23955.wav,Collared Kingfisher,train,1
xc27261_15.wav,Coppersmith Barbet,train,4
xc724405_17708.wav,White-breasted Waterhen,train,9
xc835194_32064.wav,Common Tailorbird,train,3
xc507734_40613.wav,Large-tailed Nightjar,train,5
xc720008_529.wav,Common Tailorbird,train,3
xc606859_872.wav,Collared Kingfisher,train,1
xc622985_16548.wav,Coppersmith Barbet,train,4
xc289527_6957.wav,Coppersmith Barbet,train,4
xc1069336_8087.wav,Coppersmith Barbet,train,4
xc883919_9962.wav,Common Tailorbird,train,3
xc290529_7801.wav,Large-tailed Nightjar,train,5
xc311271_1282.wav,Asian Koel,train,0
xc877678_26338.wav,Common Tailorbird,train,3
xc1011129_21061.wav,Common Iora,train,2
xc787542_45353.wav,Yellow-vented Bulbul,train,11
xc192030_3722.wav,Common Iora,train,2
xc553021_3652.wav,Pied Fantail,train,7
xc842013_11646.wav,Coppersmith Barbet,train,4
xc342489_3162.wav,Yellow-vented Bulbul,train,11
xc754568_23713.wav,Olive-backed Sunbird,train,6
xc241963_20445.wav,Olive-backed Sunbird,train,6
xc1071730_6436.wav,Large-tailed Nightjar,train,5
xc161197_7375.wav,Asian Koel,train,0
xc787542_27893.wav,Yellow-vented Bulbul,train,11
xc166758_26816.wav,Olive-backed Sunbird,train,6
xc167082_27788.wav,Yellow-vented Bulbul,train,11
xc269432_0.wav,Olive-backed Sunbird,train,6
xc96539_460.wav,Common Iora,train,2
xc97965_3000.wav,Large-tailed Nightjar,train,5
xc619116_10858.wav,Olive-backed Sunbird,train,6
xc164666_0.wav,Common Iora,train,2
xc254982_14677.wav,White-throated Kingfisher,train,10
xc665274_19003.wav,Spotted Dove,train,8
xc59702_12765.wav,Yellow-vented Bulbul,train,11
xc461218_21533.wav,Yellow-vented Bulbul,train,11
xc956355_20661.wav,White-breasted Waterhen,train,9
xc327429_21672.wav,Pied Fantail,train,7
xc841652_4863.wav,Asian Koel,train,0
xc79531_24543.wav,Yellow-vented Bulbul,train,11
xc161968_0.wav,Asian Koel,train,0
xc893700_4352.wav,Collared Kingfisher,train,1
xc787660_3623.wav,Common Tailorbird,train,3
xc962853_1148.wav,Coppersmith Barbet,train,4
xc834669_9071.wav,Common Tailorbird,train,3
xc296393_691.wav,Pied Fantail,train,7
xc594950_78829.wav,Asian Koel,train,0
xc797018_4517.wav,White-throated Kingfisher,train,10
xc385666_242.wav,Common Tailorbird,train,3
xc161223_1706.wav,White-throated Kingfisher,train,10
xc183486_321.wav,Common Tailorbird,train,3
xc360058_195.wav,Pied Fantail,train,7
xc956426_101740.wav,White-breasted Waterhen,train,9
xc665274_24695.wav,Spotted Dove,train,8
xc889914_10424.wav,Olive-backed Sunbird,train,6
xc547505_960.wav,Asian Koel,train,0
xc941383_22686.wav,Coppersmith Barbet,train,4
xc19752_5050.wav,Large-tailed Nightjar,train,5
xc537914_18392.wav,Pied Fantail,train,7
xc787963_8102.wav,Asian Koel,train,0
xc96539_12194.wav,Common Iora,train,2
xc608941_14518.wav,Common Iora,train,2
xc369314_170.wav,Coppersmith Barbet,train,4
xc359638_15256.wav,Olive-backed Sunbird,train,6
xc956691_11266.wav,Large-tailed Nightjar,train,5
xc987393_7778.wav,White-breasted Waterhen,train,9
xc473850_4139.wav,Common Iora,train,2
xc162827_12000.wav,Asian Koel,train,0
xc161223_36806.wav,White-throated Kingfisher,train,10
xc474093_24298.wav,Spotted Dove,train,8
xc893700_25013.wav,Collared Kingfisher,train,1
xc723871_15352.wav,Spotted Dove,train,8
xc514743_4353.wav,Asian Koel,train,0
xc845703_12113.wav,Olive-backed Sunbird,train,6
xc665274_30116.wav,Spotted Dove,train,8
xc1005533_6021.wav,Collared Kingfisher,train,1
xc986635_12000.wav,Olive-backed Sunbird,train,6
xc622984_23827.wav,Coppersmith Barbet,train,4
xc211552_2525.wav,Common Iora,train,2
xc68831_15748.wav,Olive-backed Sunbird,train,6
xc908994_15078.wav,Common Iora,train,2
xc1005533_21.wav,Collared Kingfisher,train,1
xc314337_13240.wav,Asian Koel,train,0
xc516499_16500.wav,Common Iora,train,2
xc787963_29065.wav,Asian Koel,train,0
xc797495_13337.wav,White-breasted Waterhen,train,9
xc547501_20210.wav,White-throated Kingfisher,train,10
xc197737_3813.wav,White-throated Kingfisher,train,10
xc179229_12086.wav,Asian Koel,train,0
xc835194_17634.wav,Common Tailorbird,train,3
xc204069_32960.wav,Yellow-vented Bulbul,train,11
xc269988_7511.wav,Collared Kingfisher,train,1
xc290932_75515.wav,Olive-backed Sunbird,train,6
xc376315_6493.wav,Collared Kingfisher,train,1
xc439489_14712.wav,Olive-backed Sunbird,train,6
xc956211_33110.wav,Asian Koel,train,0
xc78435_108787.wav,Asian Koel,train,0
xc1075899_9444.wav,Collared Kingfisher,train,1
xc840689_12863.wav,Large-tailed Nightjar,train,5
xc580882_12046.wav,Yellow-vented Bulbul,train,11
xc731973_27096.wav,Spotted Dove,train,8
xc397623_30465.wav,Olive-backed Sunbird,train,6
xc78434_9499.wav,Asian Koel,train,0
xc608941_5826.wav,Common Iora,train,2
xc38335_23935.wav,Asian Koel,train,0
xc409378_5008.wav,Pied Fantail,train,7
xc984319_39733.wav,Large-tailed Nightjar,train,5
xc167084_12558.wav,Yellow-vented Bulbul,train,11
xc78434_5499.wav,Asian Koel,train,0
xc735667_2698.wav,Asian Koel,train,0
xc976113_31015.wav,Large-tailed Nightjar,train,5
xc179229_6751.wav,Asian Koel,train,0
xc124350_14379.wav,Common Iora,train,2
xc843764_49614.wav,White-breasted Waterhen,train,9
xc182906_773.wav,Yellow-vented Bulbul,train,11
xc362047_37224.wav,Large-tailed Nightjar,train,5
xc192037_9093.wav,Coppersmith Barbet,train,4
xc941383_8006.wav,Coppersmith Barbet,train,4
xc152651_22907.wav,Pied Fantail,train,7
xc477125_15919.wav,Collared Kingfisher,train,1
xc38187_1430.wav,Large-tailed Nightjar,train,5
xc171263_22909.wav,Common Tailorbird,train,3
xc622984_0.wav,Coppersmith Barbet,train,4
xc721251_43830.wav,Pied Fantail,train,7
xc68830_14235.wav,Olive-backed Sunbird,train,6
xc565732_4059.wav,White-throated Kingfisher,train,10
xc607345_10391.wav,Olive-backed Sunbird,train,6
xc649545_25644.wav,Pied Fantail,train,7
xc537745_3837.wav,White-throated Kingfisher,train,10
xc664308_37206.wav,Common Iora,train,2
xc842521_6223.wav,White-breasted Waterhen,train,9
xc978470_3000.wav,White-throated Kingfisher,train,10
xc954926_177.wav,Asian Koel,train,0
xc954983_43214.wav,Yellow-vented Bulbul,train,11
xc766589_31630.wav,Spotted Dove,train,8
xc162210_3627.wav,Coppersmith Barbet,train,4
xc936859_73193.wav,Pied Fantail,train,7
xc211553_0.wav,Common Iora,train,2
xc507756_24035.wav,White-throated Kingfisher,train,10
xc190966_10367.wav,Common Iora,train,2
xc361795_43164.wav,Pied Fantail,train,7
xc820684_9870.wav,Large-tailed Nightjar,train,5
xc956211_25525.wav,Asian Koel,train,0
xc30001_30381.wav,Pied Fantail,train,7
xc834668_18298.wav,Common Tailorbird,train,3
xc725662_31577.wav,Spotted Dove,train,8
xc1070586_8923.wav,Large-tailed Nightjar,train,5
xc798838_7315.wav,Collared Kingfisher,train,1
xc88421_32987.wav,Large-tailed Nightjar,train,5
xc166758_15279.wav,Olive-backed Sunbird,train,6
xc197127_7458.wav,Common Iora,train,2
xc810646_96571.wav,Large-tailed Nightjar,train,5
xc955872_3347.wav,Olive-backed Sunbird,train,6
xc151815_109.wav,Collared Kingfisher,train,1
xc735667_13706.wav,Asian Koel,train,0
xc845705_55377.wav,Olive-backed Sunbird,train,6
xc167084_45063.wav,Yellow-vented Bulbul,train,11
xc290513_6402.wav,Asian Koel,train,0
xc582931_22659.wav,Pied Fantail,train,7
xc197619_46915.wav,Collared Kingfisher,train,1
xc1030707_16528.wav,Common Tailorbird,train,3
xc311306_13939.wav,White-throated Kingfisher,train,10
xc942724_23016.wav,Pied Fantail,train,7
xc547501_1478.wav,White-throated Kingfisher,train,10
xc892778_24603.wav,Large-tailed Nightjar,train,5
xc161223_39820.wav,White-throated Kingfisher,train,10
xc102912_3627.wav,White-breasted Waterhen,train,9
xc754241_28240.wav,Coppersmith Barbet,train,4
xc209538_53609.wav,White-throated Kingfisher,train,10
xc1071730_34908.wav,Large-tailed Nightjar,train,5
xc402013_13501.wav,Collared Kingfisher,train,1
xc879570_4212.wav,Common Tailorbird,train,3
xc902374_20744.wav,Common Iora,train,2
xc214418_6074.wav,Common Iora,train,2
xc40034_0.wav,Collared Kingfisher,train,1
xc303760_1194.wav,Common Iora,train,2
xc371664_35334.wav,Common Iora,train,2
xc895678_26299.wav,Large-tailed Nightjar,train,5
xc356241_11232.wav,Collared Kingfisher,train,1
xc157443_10834.wav,Pied Fantail,train,7
xc893119_3312.wav,Pied Fantail,train,7
xc892691_12384.wav,White-breasted Waterhen,train,9
xc720008_3528.wav,Common Tailorbird,train,3
xc185648_34695.wav,Spotted Dove,train,8
xc164666_27861.wav,Common Iora,train,2
xc290757_6418.wav,Pied Fantail,train,7
xc809179_10520.wav,Large-tailed Nightjar,train,5
xc872918_12525.wav,Large-tailed Nightjar,train,5
xc862635_25666.wav,Asian Koel,train,0
xc1030459_7250.wav,White-breasted Waterhen,train,9
xc179374_1949.wav,Collared Kingfisher,train,1
xc940167_17820.wav,Collared Kingfisher,train,1
xc183486_46683.wav,Common Tailorbird,train,3
xc477125_188.wav,Collared Kingfisher,train,1
xc879002_15356.wav,Coppersmith Barbet,train,4
xc757224_34456.wav,Spotted Dove,train,8
xc956691_14747.wav,Large-tailed Nightjar,train,5
xc591315_19111.wav,Asian Koel,train,0
xc889942_201.wav,Olive-backed Sunbird,train,6
xc835177_4397.wav,Common Tailorbird,train,3
xc862635_4316.wav,Asian Koel,train,0
xc620135_31832.wav,Coppersmith Barbet,train,4
xc877987_28592.wav,Spotted Dove,train,8
xc190966_6650.wav,Common Iora,train,2
xc290554_6372.wav,Collared Kingfisher,train,1
xc877987_16450.wav,Spotted Dove,train,8
xc78438_43866.wav,Yellow-vented Bulbul,train,11
xc1038548_74640.wav,Pied Fantail,train,7
xc803097_4862.wav,Asian Koel,train,0
xc109957_51492.wav,Olive-backed Sunbird,train,6
xc875644_17996.wav,Coppersmith Barbet,train,4
xc555515_953.wav,Common Tailorbird,train,3
xc956413_76918.wav,White-breasted Waterhen,train,9
xc838780_7719.wav,Olive-backed Sunbird,train,6
xc778394_31810.wav,Large-tailed Nightjar,train,5
xc350583_63213.wav,Pied Fantail,train,7
xc723482_20417.wav,Spotted Dove,train,8
xc725662_13739.wav,Spotted Dove,train,8
xc879002_4504.wav,Coppersmith Barbet,train,4
xc756510_6008.wav,Yellow-vented Bulbul,train,11
xc858215_16051.wav,Olive-backed Sunbird,train,6
xc97965_14197.wav,Large-tailed Nightjar,train,5
xc941512_29112.wav,Large-tailed Nightjar,train,5
xc879489_25631.wav,Spotted Dove,train,8
xc877987_8146.wav,Spotted Dove,train,8
xc38821_0.wav,Common Iora,train,2
xc943196_19299.wav,Coppersmith Barbet,train,4
xc121824_28915.wav,Collared Kingfisher,train,1
xc343310_3630.wav,Pied Fantail,train,7
xc786219_11563.wav,Spotted Dove,train,8
xc79314_18186.wav,Collared Kingfisher,train,1
xc161199_14640.wav,Asian Koel,train,0
xc1041026_17925.wav,Asian Koel,train,0
xc439490_2785.wav,Yellow-vented Bulbul,train,11
xc841198_26766.wav,Common Iora,train,2
xc797018_13.wav,White-throated Kingfisher,train,10
xc944619_27224.wav,White-breasted Waterhen,train,9
xc1004728_16400.wav,Olive-backed Sunbird,train,6
xc937965_41975.wav,Yellow-vented Bulbul,train,11
xc782697_0.wav,Yellow-vented Bulbul,train,11
xc1004365_7651.wav,Pied Fantail,train,7
xc472751_32152.wav,White-throated Kingfisher,train,10
xc879491_29971.wav,Spotted Dove,train,8
xc498369_445.wav,White-breasted Waterhen,train,9
xc189108_9000.wav,Common Iora,train,2
xc827000_33843.wav,Common Iora,train,2
xc977990_27781.wav,Collared Kingfisher,train,1
xc1075899_3902.wav,Collared Kingfisher,train,1
xc167082_34571.wav,Yellow-vented Bulbul,train,11
xc904468_38987.wav,White-breasted Waterhen,train,9
xc81310_6279.wav,Spotted Dove,train,8
xc1019748_114732.wav,Spotted Dove,train,8
xc39156_22009.wav,Collared Kingfisher,train,1
xc442555_6000.wav,White-breasted Waterhen,train,9
xc498806_60494.wav,White-throated Kingfisher,train,10
xc1073421_17134.wav,Large-tailed Nightjar,train,5
xc783854_21340.wav,White-breasted Waterhen,train,9
xc1069346_0.wav,Coppersmith Barbet,train,4
xc937630_10640.wav,Asian Koel,train,0
xc622985_24589.wav,Coppersmith Barbet,train,4
xc834670_52799.wav,Common Tailorbird,train,3
xc956362_46202.wav,White-breasted Waterhen,train,9
xc788279_3043.wav,Spotted Dove,train,8
xc845705_11103.wav,Olive-backed Sunbird,train,6
xc547540_29879.wav,White-throated Kingfisher,train,10
xc787660_132.wav,Common Tailorbird,train,3
xc152651_3664.wav,Pied Fantail,train,7
xc167085_3254.wav,Yellow-vented Bulbul,train,11
xc834666_16066.wav,Common Tailorbird,train,3
xc78288_10655.wav,Spotted Dove,train,8
xc856162_15680.wav,Olive-backed Sunbird,train,6
xc365385_0.wav,White-throated Kingfisher,train,10
xc189204_12704.wav,White-throated Kingfisher,train,10
xc109957_43834.wav,Olive-backed Sunbird,train,6
xc606859_6739.wav,Collared Kingfisher,train,1
xc164811_24782.wav,Coppersmith Barbet,train,4
xc161885_434.wav,Yellow-vented Bulbul,train,11
xc805862_2758.wav,Collared Kingfisher,train,1
xc575557_3213.wav,Collared Kingfisher,train,1
xc986141_5279.wav,Asian Koel,train,0
xc547505_42499.wav,Asian Koel,train,0
xc534568_4226.wav,Coppersmith Barbet,train,4
xc290555_9108.wav,Collared Kingfisher,train,1
xc838780_21722.wav,Olive-backed Sunbird,train,6
xc102911_11150.wav,White-breasted Waterhen,train,9
xc269430_9561.wav,Olive-backed Sunbird,train,6
xc720533_404.wav,Asian Koel,train,0
xc162210_17941.wav,Coppersmith Barbet,train,4
xc723871_9410.wav,Spotted Dove,train,8
xc783854_27754.wav,White-breasted Waterhen,train,9
xc619116_32058.wav,Olive-backed Sunbird,train,6
xc472611_6271.wav,Large-tailed Nightjar,train,5
xc600906_30428.wav,Common Iora,train,2
xc956362_291.wav,White-breasted Waterhen,train,9
xc956413_30547.wav,White-breasted Waterhen,train,9
xc793876_1976.wav,Asian Koel,train,0
xc203466_39284.wav,Olive-backed Sunbird,train,6
xc761749_13469.wav,Large-tailed Nightjar,train,5
xc68831_44081.wav,Olive-backed Sunbird,train,6
xc956417_9872.wav,White-breasted Waterhen,train,9
xc754470_2812.wav,Common Tailorbird,train,3
xc1071357_27283.wav,White-throated Kingfisher,train,10
xc151209_12302.wav,Large-tailed Nightjar,train,5
xc834669_12071.wav,Common Tailorbird,train,3
xc910592_28148.wav,White-breasted Waterhen,train,9
xc73023_83073.wav,Asian Koel,train,0
xc875644_5062.wav,Coppersmith Barbet,train,4
xc665384_30809.wav,Pied Fantail,train,7
xc646767_14351.wav,Spotted Dove,train,8
xc153788_3000.wav,Common Iora,train,2
xc164693_7061.wav,Collared Kingfisher,train,1
xc810486_12227.wav,Common Tailorbird,train,3
xc956418_63297.wav,White-breasted Waterhen,train,9
xc44805_8064.wav,Coppersmith Barbet,train,4
xc809702_9117.wav,White-throated Kingfisher,train,10
xc1047852_1057.wav,Yellow-vented Bulbul,train,11
xc547501_36389.wav,White-throated Kingfisher,train,10
xc472751_15253.wav,White-throated Kingfisher,train,10
xc342486_0.wav,Yellow-vented Bulbul,train,11
xc956392_67953.wav,White-breasted Waterhen,train,9
xc810648_9134.wav,Large-tailed Nightjar,train,5
xc269435_12815.wav,Collared Kingfisher,train,1
xc724405_996.wav,White-breasted Waterhen,train,9
xc1031057_10206.wav,White-breasted Waterhen,train,9
xc809896_1576.wav,Large-tailed Nightjar,train,5
xc630802_48976.wav,Pied Fantail,train,7
xc936859_63316.wav,Pied Fantail,train,7
xc192031_7431.wav,Common Iora,train,2
xc204069_35985.wav,Yellow-vented Bulbul,train,11
xc608941_34298.wav,Common Iora,train,2
xc812735_355.wav,Asian Koel,train,0
xc290932_19414.wav,Olive-backed Sunbird,train,6
xc858215_41552.wav,Olive-backed Sunbird,train,6
xc161260_47222.wav,Common Tailorbird,train,3
xc1070586_12256.wav,Large-tailed Nightjar,train,5
xc575559_227.wav,Collared Kingfisher,train,1
xc68678_18197.wav,Coppersmith Barbet,train,4
xc209207_37711.wav,White-throated Kingfisher,train,10
xc956393_37139.wav,White-breasted Waterhen,train,9
xc710635_12938.wav,Spotted Dove,train,8
xc295158_24158.wav,Collared Kingfisher,train,1
xc241963_23592.wav,Olive-backed Sunbird,train,6
xc839569_20369.wav,Spotted Dove,train,8
xc810486_33222.wav,Common Tailorbird,train,3
xc917586_14215.wav,Asian Koel,train,0
xc709690_8849.wav,Common Tailorbird,train,3
xc203466_25387.wav,Olive-backed Sunbird,train,6
xc1019750_7701.wav,Spotted Dove,train,8
xc25978_2227.wav,Large-tailed Nightjar,train,5
xc594949_32382.wav,Asian Koel,train,0
xc788279_6043.wav,Spotted Dove,train,8
xc79531_12542.wav,Yellow-vented Bulbul,train,11
xc1005530_6289.wav,Collared Kingfisher,train,1
xc197619_12757.wav,Collared Kingfisher,train,1
xc827000_1216.wav,Common Iora,train,2
xc516499_10716.wav,Common Iora,train,2
xc38335_13141.wav,Asian Koel,train,0
xc895736_56875.wav,Pied Fantail,train,7
xc786978_13044.wav,Common Tailorbird,train,3
xc365725_0.wav,White-breasted Waterhen,train,9
xc756475_0.wav,Yellow-vented Bulbul,train,11
xc944619_255.wav,White-breasted Waterhen,train,9
xc818183_148891.wav,White-breasted Waterhen,train,9
xc665269_17764.wav,Coppersmith Barbet,train,4
xc151642_27992.wav,Collared Kingfisher,train,1
xc1004365_18081.wav,Pied Fantail,train,7
xc286053_6680.wav,White-breasted Waterhen,train,9
xc776063_11600.wav,Spotted Dove,train,8
xc962815_311.wav,Common Iora,train,2
xc501340_0.wav,White-throated Kingfisher,train,10
xc828236_4183.wav,Large-tailed Nightjar,train,5
xc956392_53392.wav,White-breasted Waterhen,train,9
xc536932_899.wav,Pied Fantail,train,7
xc208768_1376.wav,White-throated Kingfisher,train,10
xc498810_20191.wav,White-throated Kingfisher,train,10
xc469471_11998.wav,Coppersmith Barbet,train,4
xc828236_23281.wav,Large-tailed Nightjar,train,5
xc986323_17981.wav,Common Iora,train,2
xc530839_10862.wav,Coppersmith Barbet,train,4
xc150891_7007.wav,Common Iora,train,2
xc327429_25929.wav,Pied Fantail,train,7
xc933063_7612.wav,Olive-backed Sunbird,train,6
xc189123_8258.wav,White-throated Kingfisher,train,10
xc1002930_14969.wav,Spotted Dove,train,8
xc951556_6182.wav,White-breasted Waterhen,train,9
xc984319_6903.wav,Large-tailed Nightjar,train,5
xc834666_7896.wav,Common Tailorbird,train,3
xc214418_1346.wav,Common Iora,train,2
xc73024_91491.wav,Asian Koel,train,0
xc621463_5591.wav,White-throated Kingfisher,train,10
xc823277_12071.wav,Collared Kingfisher,train,1
xc198428_9678.wav,Common Iora,train,2
xc531534_15000.wav,Coppersmith Barbet,train,4
xc1003536_15063.wav,White-breasted Waterhen,train,9
xc944619_5381.wav,White-breasted Waterhen,train,9
xc877678_6804.wav,Common Tailorbird,train,3
xc376316_6034.wav,Collared Kingfisher,train,1
xc754568_33912.wav,Olive-backed Sunbird,train,6
xc290678_93.wav,Common Iora,train,2
xc462432_4055.wav,White-breasted Waterhen,train,9
xc1038548_29597.wav,Pied Fantail,train,7
xc616402_22914.wav,Yellow-vented Bulbul,train,11
xc841000_3815.wav,Olive-backed Sunbird,train,6
xc787542_34625.wav,Yellow-vented Bulbul,train,11
xc863037_3000.wav,Spotted Dove,train,8
xc748185_3419.wav,Spotted Dove,train,8
xc956442_24697.wav,White-breasted Waterhen,train,9
xc944621_15108.wav,White-breasted Waterhen,train,9
xc892778_27963.wav,Large-tailed Nightjar,train,5
xc914094_6621.wav,Coppersmith Barbet,train,4
xc952005_17596.wav,Coppersmith Barbet,train,4
xc164345_24240.wav,Coppersmith Barbet,train,4
xc37625_3294.wav,Asian Koel,train,0
xc190962_37411.wav,Spotted Dove,train,8
xc430263_0.wav,White-throated Kingfisher,train,10
xc295158_34103.wav,Collared Kingfisher,train,1
xc433760_17021.wav,White-throated Kingfisher,train,10
xc987636_9974.wav,Common Tailorbird,train,3
xc767766_14.wav,White-breasted Waterhen,train,9
xc156229_12648.wav,White-breasted Waterhen,train,9
xc192166_6282.wav,Pied Fantail,train,7
xc995636_16532.wav,Asian Koel,train,0
xc142516_14595.wav,Coppersmith Barbet,train,4
xc788763_6391.wav,Yellow-vented Bulbul,train,11
xc205233_3271.wav,Coppersmith Barbet,train,4
xc124350_57307.wav,Common Iora,train,2
xc1035372_0.wav,Spotted Dove,train,8
xc78438_46866.wav,Yellow-vented Bulbul,train,11
xc617140_37845.wav,Yellow-vented Bulbul,train,11
xc630802_15927.wav,Pied Fantail,train,7
xc433841_113.wav,Spotted Dove,train,8
xc353099_19857.wav,Large-tailed Nightjar,train,5
xc365142_129429.wav,Large-tailed Nightjar,train,5
xc835388_3000.wav,Olive-backed Sunbird,train,6
xc600906_14294.wav,Common Iora,train,2
xc764668_835.wav,Collared Kingfisher,train,1
xc710640_611.wav,Spotted Dove,train,8
xc835395_26255.wav,Olive-backed Sunbird,train,6
xc956376_19871.wav,White-breasted Waterhen,train,9
xc721251_27351.wav,Pied Fantail,train,7
xc394034_12595.wav,Large-tailed Nightjar,train,5
xc1047852_12989.wav,Yellow-vented Bulbul,train,11
xc938653_15070.wav,Yellow-vented Bulbul,train,11
xc911389_6000.wav,White-breasted Waterhen,train,9
xc783501_426.wav,Olive-backed Sunbird,train,6
xc1016073_15720.wav,Coppersmith Barbet,train,4
xc365142_9207.wav,Large-tailed Nightjar,train,5
xc799302_45935.wav,Common Iora,train,2
xc711521_40578.wav,Common Iora,train,2
xc1047852_19754.wav,Yellow-vented Bulbul,train,11
xc1047221_4681.wav,Yellow-vented Bulbul,train,11
xc290554_22387.wav,Collared Kingfisher,train,1
xc433760_12851.wav,White-throated Kingfisher,train,10
xc833597_3680.wav,White-throated Kingfisher,train,10
xc1030898_46908.wav,Spotted Dove,train,8
xc834667_50299.wav,Common Tailorbird,train,3
xc812731_74300.wav,Asian Koel,train,0
xc547505_11091.wav,Asian Koel,train,0
xc531534_27000.wav,Coppersmith Barbet,train,4
xc431502_27033.wav,White-throated Kingfisher,train,10
xc810486_21431.wav,Common Tailorbird,train,3
xc621232_3000.wav,Collared Kingfisher,train,1
xc845704_23060.wav,Olive-backed Sunbird,train,6
xc934683_33977.wav,Pied Fantail,train,7
xc360058_9609.wav,Pied Fantail,train,7
xc448087_24932.wav,Olive-backed Sunbird,train,6
xc788279_9043.wav,Spotted Dove,train,8
xc174985_14104.wav,Common Iora,train,2
xc164345_15071.wav,Coppersmith Barbet,train,4
xc342488_42349.wav,Yellow-vented Bulbul,train,11
xc809146_70090.wav,Large-tailed Nightjar,train,5
xc19803_8356.wav,Pied Fantail,train,7
xc944619_8798.wav,White-breasted Waterhen,train,9
xc842519_56111.wav,White-breasted Waterhen,train,9
xc646767_19084.wav,Spotted Dove,train,8
xc788037_23537.wav,Olive-backed Sunbird,train,6
xc197869_16285.wav,Common Iora,train,2
xc957377_4051.wav,Large-tailed Nightjar,train,5
xc725662_38376.wav,Spotted Dove,train,8
xc575559_29300.wav,Collared Kingfisher,train,1
xc797696_30893.wav,Large-tailed Nightjar,train,5
xc706576_10618.wav,Common Iora,train,2
xc59702_9184.wav,Yellow-vented Bulbul,train,11
xc433840_2511.wav,Spotted Dove,train,8
xc862837_31308.wav,Common Tailorbird,train,3
xc859462_23090.wav,Collared Kingfisher,train,1
xc1071878_34100.wav,Pied Fantail,train,7
xc710195_17370.wav,Coppersmith Barbet,train,4
xc161163_0.wav,Coppersmith Barbet,train,4
xc473850_554.wav,Common Iora,train,2
xc164693_41724.wav,Collared Kingfisher,train,1
xc96538_20599.wav,Common Iora,train,2
xc895678_56075.wav,Large-tailed Nightjar,train,5
xc664633_24975.wav,Coppersmith Barbet,train,4
xc1067106_22610.wav,Olive-backed Sunbird,train,6
xc600906_26698.wav,Common Iora,train,2
xc423125_1003.wav,Asian Koel,train,0
xc735667_20906.wav,Asian Koel,train,0
xc537772_212.wav,Common Tailorbird,train,3
xc963858_20088.wav,Asian Koel,train,0
xc158456_12241.wav,Large-tailed Nightjar,train,5
xc956367_2241.wav,White-breasted Waterhen,train,9
xc1002930_53422.wav,Spotted Dove,train,8
xc721346_457.wav,Common Tailorbird,train,3
xc834669_48825.wav,Common Tailorbird,train,3
xc620131_30175.wav,Coppersmith Barbet,train,4
xc835405_3328.wav,Olive-backed Sunbird,train,6
xc809896_23671.wav,Large-tailed Nightjar,train,5
xc359359_41774.wav,Coppersmith Barbet,train,4
xc86947_62277.wav,Collared Kingfisher,train,1
xc401924_26992.wav,Pied Fantail,train,7
xc754359_36084.wav,Common Iora,train,2
xc533623_5813.wav,White-throated Kingfisher,train,10
xc150717_39368.wav,White-breasted Waterhen,train,9
xc999942_37780.wav,Spotted Dove,train,8
xc171263_4028.wav,Common Tailorbird,train,3
xc102911_3381.wav,White-breasted Waterhen,train,9
xc724405_23460.wav,White-breasted Waterhen,train,9
xc190962_15260.wav,Spotted Dove,train,8
xc290679_33102.wav,Common Iora,train,2
xc583144_21380.wav,White-breasted Waterhen,train,9
xc188426_18381.wav,White-breasted Waterhen,train,9
xc289527_31.wav,Coppersmith Barbet,train,4
xc879491_26971.wav,Spotted Dove,train,8
xc236515_13301.wav,Asian Koel,train,0
xc27611_63043.wav,Asian Koel,train,0
xc1035372_30931.wav,Spotted Dove,train,8
xc807231_32469.wav,Yellow-vented Bulbul,train,11
xc1027177_4452.wav,White-breasted Waterhen,train,9
xc877083_3504.wav,White-throated Kingfisher,train,10
xc164689_39347.wav,Collared Kingfisher,train,1
xc144356_5169.wav,Large-tailed Nightjar,train,5
xc707552_8465.wav,White-breasted Waterhen,train,9
xc938407_6194.wav,Yellow-vented Bulbul,train,11
xc809702_21481.wav,White-throated Kingfisher,train,10
xc594951_15060.wav,Asian Koel,train,0
xc290697_26904.wav,Common Tailorbird,train,3
xc439490_6820.wav,Yellow-vented Bulbul,train,11
xc1003558_13188.wav,Collared Kingfisher,train,1
xc797696_18893.wav,Large-tailed Nightjar,train,5
xc998789_6000.wav,Common Tailorbird,train,3
xc26252_2536.wav,Common Iora,train,2
xc290932_16417.wav,Olive-backed Sunbird,train,6
xc575557_6213.wav,Collared Kingfisher,train,1
xc73023_75338.wav,Asian Koel,train,0
xc574612_897.wav,White-throated Kingfisher,train,10
xc857646_3936.wav,Common Tailorbird,train,3
xc756511_722.wav,Yellow-vented Bulbul,train,11
xc845706_26983.wav,Olive-backed Sunbird,train,6
xc498369_3448.wav,White-breasted Waterhen,train,9
xc474093_40021.wav,Spotted Dove,train,8
xc1019750_1083.wav,Spotted Dove,train,8
xc188426_8419.wav,White-breasted Waterhen,train,9
xc914094_12829.wav,Coppersmith Barbet,train,4
xc723978_33978.wav,Common Tailorbird,train,3
xc952348_21611.wav,Pied Fantail,train,7
xc150431_21333.wav,Common Iora,train,2
xc94032_33601.wav,Coppersmith Barbet,train,4
xc962853_14262.wav,Coppersmith Barbet,train,4
xc573898_27545.wav,White-throated Kingfisher,train,10
xc24608_2069.wav,Spotted Dove,train,8
xc166758_23816.wav,Olive-backed Sunbird,train,6
xc875469_28606.wav,Spotted Dove,train,8
xc785879_6450.wav,Spotted Dove,train,8
xc171754_11259.wav,Large-tailed Nightjar,train,5
xc207723_15368.wav,Common Iora,train,2
xc575558_695.wav,Collared Kingfisher,train,1
xc439489_3014.wav,Olive-backed Sunbird,train,6
xc461515_0.wav,Coppersmith Barbet,train,4
xc797030_384.wav,Yellow-vented Bulbul,train,11
xc205233_6397.wav,Coppersmith Barbet,train,4
xc883951_184.wav,Spotted Dove,train,8
xc845719_3000.wav,White-throated Kingfisher,train,10
xc209538_12712.wav,White-throated Kingfisher,train,10
xc185648_29638.wav,Spotted Dove,train,8
xc941383_42424.wav,Coppersmith Barbet,train,4
xc937909_3215.wav,Pied Fantail,train,7
xc862446_12000.wav,Olive-backed Sunbird,train,6
xc834666_324.wav,Common Tailorbird,train,3
xc754241_16414.wav,Coppersmith Barbet,train,4
xc102912_18000.wav,White-breasted Waterhen,train,9
xc937965_14482.wav,Yellow-vented Bulbul,train,11
xc268433_11368.wav,Common Iora,train,2
xc810646_2111.wav,Large-tailed Nightjar,train,5
xc937965_26909.wav,Yellow-vented Bulbul,train,11
xc909605_25357.wav,Olive-backed Sunbird,train,6
xc314179_10175.wav,Yellow-vented Bulbul,train,11
xc88187_18559.wav,Olive-backed Sunbird,train,6
xc956426_16743.wav,White-breasted Waterhen,train,9
xc956375_43783.wav,White-breasted Waterhen,train,9
xc269431_37851.wav,Olive-backed Sunbird,train,6
xc155937_8667.wav,Large-tailed Nightjar,train,5
xc895736_19087.wav,Pied Fantail,train,7
xc314339_9558.wav,Asian Koel,train,0
xc797016_23074.wav,White-throated Kingfisher,train,10
xc439489_8436.wav,Olive-backed Sunbird,train,6
xc954926_3240.wav,Asian Koel,train,0
xc547501_27382.wav,White-throated Kingfisher,train,10
xc835409_31285.wav,Olive-backed Sunbird,train,6
xc835386_3000.wav,Olive-backed Sunbird,train,6
xc447294_14313.wav,White-breasted Waterhen,train,9
xc591315_64619.wav,Asian Koel,train,0
xc547501_33386.wav,White-throated Kingfisher,train,10
xc359243_0.wav,Pied Fantail,train,7
xc731973_37430.wav,Spotted Dove,train,8
xc501340_28900.wav,White-throated Kingfisher,train,10
xc20267_66.wav,Asian Koel,train,0
xc617140_2301.wav,Yellow-vented Bulbul,train,11
xc956413_4167.wav,White-breasted Waterhen,train,9
xc161188_6058.wav,Coppersmith Barbet,train,4
xc937630_1703.wav,Asian Koel,train,0
xc937630_26816.wav,Asian Koel,train,0
xc578004_33813.wav,Yellow-vented Bulbul,train,11
xc369566_685.wav,Collared Kingfisher,train,1
xc431502_12618.wav,White-throated Kingfisher,train,10
xc533623_28527.wav,White-throated Kingfisher,train,10
xc196949_11880.wav,White-throated Kingfisher,train,10
xc845703_27284.wav,Olive-backed Sunbird,train,6
xc78438_11395.wav,Yellow-vented Bulbul,train,11
xc862635_1312.wav,Asian Koel,train,0
xc183208_503.wav,Spotted Dove,train,8
xc26251_24110.wav,Common Iora,train,2
xc986635_15000.wav,Olive-backed Sunbird,train,6
xc986408_21266.wav,White-breasted Waterhen,train,9
xc1030461_20194.wav,White-breasted Waterhen,train,9
xc474093_12459.wav,Spotted Dove,train,8
xc657958_14187.wav,Common Tailorbird,train,3
xc79314_186.wav,Collared Kingfisher,train,1
xc1011129_24302.wav,Common Iora,train,2
xc910592_16610.wav,White-breasted Waterhen,train,9
xc68677_19269.wav,Coppersmith Barbet,train,4
xc877987_45137.wav,Spotted Dove,train,8
xc79566_6000.wav,White-throated Kingfisher,train,10
xc30042_41190.wav,Yellow-vented Bulbul,train,11
xc904468_42690.wav,White-breasted Waterhen,train,9
xc240450_0.wav,Pied Fantail,train,7
xc941512_14380.wav,Large-tailed Nightjar,train,5
xc879570_14283.wav,Common Tailorbird,train,3
xc269435_17109.wav,Collared Kingfisher,train,1
xc189108_0.wav,Common Iora,train,2
xc619116_39304.wav,Olive-backed Sunbird,train,6
xc96542_21067.wav,Common Iora,train,2
xc809702_31858.wav,White-throated Kingfisher,train,10
xc978467_31146.wav,Collared Kingfisher,train,1
xc956409_159941.wav,White-breasted Waterhen,train,9
xc893846_14402.wav,Asian Koel,train,0
xc203466_10240.wav,Olive-backed Sunbird,train,6
xc566256_8470.wav,Olive-backed Sunbird,train,6
xc782696_3090.wav,Collared Kingfisher,train,1
xc301810_3335.wav,Olive-backed Sunbird,train,6
xc86947_19783.wav,Collared Kingfisher,train,1
xc426433_24249.wav,Large-tailed Nightjar,train,5
xc809702_18426.wav,White-throated Kingfisher,train,10
xc875469_25606.wav,Spotted Dove,train,8
xc31621_26530.wav,White-throated Kingfisher,train,10
xc797016_50596.wav,White-throated Kingfisher,train,10
xc498806_38034.wav,White-throated Kingfisher,train,10
xc788763_34554.wav,Yellow-vented Bulbul,train,11
xc400193_12377.wav,Asian Koel,train,0
xc797864_5388.wav,Coppersmith Barbet,train,4
xc1005522_554.wav,Collared Kingfisher,train,1
xc987413_14513.wav,Common Tailorbird,train,3
xc20267_15187.wav,Asian Koel,train,0
xc707485_44268.wav,Large-tailed Nightjar,train,5
xc167084_36567.wav,Yellow-vented Bulbul,train,11
xc397623_9046.wav,Olive-backed Sunbird,train,6
xc813888_6029.wav,Common Iora,train,2
xc528888_23962.wav,Coppersmith Barbet,train,4
xc978467_42498.wav,Collared Kingfisher,train,1
xc1067106_4264.wav,Olive-backed Sunbird,train,6
xc828236_16752.wav,Large-tailed Nightjar,train,5
xc710195_22833.wav,Coppersmith Barbet,train,4
xc290929_12698.wav,Olive-backed Sunbird,train,6
xc947681_7370.wav,Yellow-vented Bulbul,train,11
xc949671_203.wav,White-throated Kingfisher,train,10
xc1016073_11344.wav,Coppersmith Barbet,train,4
xc551671_10693.wav,White-throated Kingfisher,train,10
xc956393_26826.wav,White-breasted Waterhen,train,9
xc1063688_5763.wav,Large-tailed Nightjar,train,5
xc906828_8977.wav,White-breasted Waterhen,train,9
xc863037_23151.wav,Spotted Dove,train,8
xc181991_19674.wav,Asian Koel,train,0
xc835409_28285.wav,Olive-backed Sunbird,train,6
xc190308_20680.wav,Asian Koel,train,0
xc161258_33941.wav,Spotted Dove,train,8
xc711521_4609.wav,Common Iora,train,2
xc342488_124.wav,Yellow-vented Bulbul,train,11
xc379921_19200.wav,Pied Fantail,train,7
xc767766_8867.wav,White-breasted Waterhen,train,9
xc73024_23086.wav,Asian Koel,train,0
xc152651_10836.wav,Pied Fantail,train,7
xc607345_37479.wav,Olive-backed Sunbird,train,6
xc29594_10014.wav,Asian Koel,train,0
xc845718_4445.wav,White-throated Kingfisher,train,10
xc37625_6433.wav,Asian Koel,train,0
xc688542_21651.wav,Spotted Dove,train,8
xc206552_47833.wav,Spotted Dove,train,8
xc986408_33590.wav,White-breasted Waterhen,train,9
xc35836_29271.wav,Olive-backed Sunbird,train,6
xc720533_9287.wav,Asian Koel,train,0
xc804558_45846.wav,Collared Kingfisher,train,1
xc433840_5779.wav,Spotted Dove,train,8
xc498369_9741.wav,White-breasted Waterhen,train,9
xc158456_36922.wav,Large-tailed Nightjar,train,5
xc862018_6000.wav,Olive-backed Sunbird,train,6
xc311133_1307.wav,Common Iora,train,2
xc957377_278.wav,Large-tailed Nightjar,train,5
xc290641_541.wav,Yellow-vented Bulbul,train,11
xc1063688_18436.wav,Large-tailed Nightjar,train,5
xc883647_8664.wav,Large-tailed Nightjar,train,5
xc152653_24.wav,Collared Kingfisher,train,1
xc534388_1137.wav,Asian Koel,train,0
xc788763_15436.wav,Yellow-vented Bulbul,train,11
xc956355_26661.wav,White-breasted Waterhen,train,9
xc1004382_213.wav,Common Tailorbird,train,3
xc288093_817.wav,White-throated Kingfisher,train,10
xc204548_1616.wav,Olive-backed Sunbird,train,6
xc956383_23952.wav,White-breasted Waterhen,train,9
xc461218_6086.wav,Yellow-vented Bulbul,train,11
xc38335_16163.wav,Asian Koel,train,0
xc788680_11712.wav,Asian Koel,train,0
xc956375_6000.wav,White-breasted Waterhen,train,9
xc786033_31966.wav,Asian Koel,train,0
xc841000_20089.wav,Olive-backed Sunbird,train,6
xc35653_20639.wav,Common Iora,train,2
xc519945_8055.wav,Pied Fantail,train,7
xc748185_53215.wav,Spotted Dove,train,8
xc39156_925.wav,Collared Kingfisher,train,1
xc646767_11351.wav,Spotted Dove,train,8
xc720008_6529.wav,Common Tailorbird,train,3
xc206552_9433.wav,Spotted Dove,train,8
xc788680_8429.wav,Asian Koel,train,0
xc151312_26066.wav,Common Iora,train,2
xc735667_10445.wav,Asian Koel,train,0
xc879489_91956.wav,Spotted Dove,train,8
xc90768_6766.wav,Pied Fantail,train,7
xc621232_0.wav,Collared Kingfisher,train,1
xc871033_1718.wav,Pied Fantail,train,7
xc787963_15044.wav,Asian Koel,train,0
xc787542_6755.wav,Yellow-vented Bulbul,train,11
xc879002_19947.wav,Coppersmith Barbet,train,4
xc630802_600.wav,Pied Fantail,train,7
xc38821_17947.wav,Common Iora,train,2
xc209215_37858.wav,White-throated Kingfisher,train,10
xc875469_2223.wav,Spotted Dove,train,8
xc194196_35301.wav,Asian Koel,train,0
xc473062_4485.wav,Spotted Dove,train,8
xc883918_9810.wav,Common Tailorbird,train,3
xc944619_15255.wav,White-breasted Waterhen,train,9
xc359540_6356.wav,White-breasted Waterhen,train,9
xc297269_8810.wav,Common Iora,train,2
xc205233_12575.wav,Coppersmith Barbet,train,4
xc189204_4634.wav,White-throated Kingfisher,train,10
xc999942_59503.wav,Spotted Dove,train,8
xc827000_16880.wav,Common Iora,train,2
xc607345_47370.wav,Olive-backed Sunbird,train,6
xc788042_14148.wav,Common Tailorbird,train,3
xc290555_3108.wav,Collared Kingfisher,train,1
xc834665_3306.wav,Common Tailorbird,train,3
xc892324_18134.wav,Olive-backed Sunbird,train,6
xc124434_27046.wav,White-breasted Waterhen,train,9
xc786978_23460.wav,Common Tailorbird,train,3
xc1019748_142454.wav,Spotted Dove,train,8
xc401924_36387.wav,Pied Fantail,train,7
xc162210_27438.wav,Coppersmith Barbet,train,4
xc1071878_4234.wav,Pied Fantail,train,7
xc88110_6905.wav,Spotted Dove,train,8
xc290679_39164.wav,Common Iora,train,2
xc941325_24711.wav,Common Tailorbird,train,3
xc203463_4183.wav,Olive-backed Sunbird,train,6
xc96539_23593.wav,Common Iora,train,2
xc507731_34346.wav,Large-tailed Nightjar,train,5
xc956391_29799.wav,White-breasted Waterhen,train,9
xc594950_13712.wav,Asian Koel,train,0
xc623017_13000.wav,Common Tailorbird,train,3
xc879491_384.wav,Spotted Dove,train,8
xc142516_19021.wav,Coppersmith Barbet,train,4
xc186559_18728.wav,Collared Kingfisher,train,1
xc149307_8295.wav,Common Tailorbird,train,3
xc908994_21761.wav,Common Iora,train,2
xc616401_27316.wav,Yellow-vented Bulbul,train,11
xc124365_12155.wav,Large-tailed Nightjar,train,5
xc986635_24000.wav,Olive-backed Sunbird,train,6
xc38335_735.wav,Asian Koel,train,0
xc855225_15018.wav,Pied Fantail,train,7
xc934683_12043.wav,Pied Fantail,train,7
xc40065_16471.wav,Yellow-vented Bulbul,train,11
xc616994_8390.wav,Asian Koel,train,0
xc166134_16775.wav,Coppersmith Barbet,train,4
xc744648_0.wav,Yellow-vented Bulbul,train,11
xc591315_15.wav,Asian Koel,train,0
xc783842_21056.wav,White-throated Kingfisher,train,10
xc622984_12062.wav,Coppersmith Barbet,train,4
xc124367_10253.wav,Large-tailed Nightjar,train,5
xc342488_9124.wav,Yellow-vented Bulbul,train,11
xc616396_21000.wav,Olive-backed Sunbird,train,6
xc197128_194.wav,Common Iora,train,2
xc327430_11577.wav,Asian Koel,train,0
xc290679_29771.wav,Common Iora,train,2
xc834669_3071.wav,Common Tailorbird,train,3
xc764945_170980.wav,White-breasted Waterhen,train,9
xc211552_0.wav,Common Iora,train,2
xc941519_26140.wav,Common Iora,train,2
xc301810_12545.wav,Olive-backed Sunbird,train,6
xc742601_11479.wav,Spotted Dove,train,8
xc161631_52947.wav,Yellow-vented Bulbul,train,11
xc812737_25151.wav,Asian Koel,train,0
xc290643_155.wav,Yellow-vented Bulbul,train,11
xc447294_4490.wav,White-breasted Waterhen,train,9
xc797030_47291.wav,Yellow-vented Bulbul,train,11
xc787963_11767.wav,Asian Koel,train,0
xc822911_13564.wav,Coppersmith Barbet,train,4
xc79531_9542.wav,Yellow-vented Bulbul,train,11
xc369312_18727.wav,Coppersmith Barbet,train,4
xc204898_7315.wav,Collared Kingfisher,train,1
xc187429_11638.wav,Common Iora,train,2
xc823426_26132.wav,Pied Fantail,train,7
xc501340_3797.wav,White-throated Kingfisher,train,10
xc290553_12337.wav,Collared Kingfisher,train,1
xc1047852_32721.wav,Yellow-vented Bulbul,train,11
xc168313_28273.wav,Large-tailed Nightjar,train,5
xc327429_1447.wav,Pied Fantail,train,7
xc809179_15430.wav,Large-tailed Nightjar,train,5
xc236515_6844.wav,Asian Koel,train,0
xc710195_49344.wav,Coppersmith Barbet,train,4
xc290759_1562.wav,Pied Fantail,train,7
xc892778_11622.wav,Large-tailed Nightjar,train,5
xc533623_25522.wav,White-throated Kingfisher,train,10
xc956362_38394.wav,White-breasted Waterhen,train,9
xc862018_12000.wav,Olive-backed Sunbird,train,6
xc606951_0.wav,Pied Fantail,train,7
xc754568_16140.wav,Olive-backed Sunbird,train,6
xc161477_43899.wav,Common Iora,train,2
xc96542_5444.wav,Common Iora,train,2
xc365142_12207.wav,Large-tailed Nightjar,train,5
xc956418_48711.wav,White-breasted Waterhen,train,9
xc778394_40201.wav,Large-tailed Nightjar,train,5
xc484953_52627.wav,Spotted Dove,train,8
xc196584_21784.wav,Asian Koel,train,0
xc1003558_25062.wav,Collared Kingfisher,train,1
xc879570_19593.wav,Common Tailorbird,train,3
xc909605_12156.wav,Olive-backed Sunbird,train,6
xc167082_49573.wav,Yellow-vented Bulbul,train,11
xc597327_15871.wav,Large-tailed Nightjar,train,5
xc164692_23954.wav,Collared Kingfisher,train,1
xc951556_0.wav,White-breasted Waterhen,train,9
xc161431_8233.wav,Asian Koel,train,0
xc547513_909.wav,Common Tailorbird,train,3
xc756430_12187.wav,Pied Fantail,train,7
xc194196_5033.wav,Asian Koel,train,0
xc1004382_21213.wav,Common Tailorbird,train,3
xc893119_17693.wav,Pied Fantail,train,7
xc834665_18009.wav,Common Tailorbird,train,3
xc351669_12557.wav,Large-tailed Nightjar,train,5
xc507731_4130.wav,Large-tailed Nightjar,train,5
xc764945_482.wav,White-breasted Waterhen,train,9
xc208677_690.wav,Spotted Dove,train,8
xc895736_26667.wav,Pied Fantail,train,7
xc472857_14460.wav,Common Tailorbird,train,3
xc151134_0.wav,Collared Kingfisher,train,1
xc353099_30110.wav,Large-tailed Nightjar,train,5
xc426432_29710.wav,Large-tailed Nightjar,train,5
xc1030709_1177.wav,Common Tailorbird,train,3
xc1003536_4248.wav,White-breasted Waterhen,train,9
xc359243_5810.wav,Pied Fantail,train,7
xc125392_19411.wav,White-throated Kingfisher,train,10
xc845720_45473.wav,White-throated Kingfisher,train,10
xc723871_116.wav,Spotted Dove,train,8
xc892825_25659.wav,Olive-backed Sunbird,train,6
xc181238_8044.wav,Collared Kingfisher,train,1
xc664633_6932.wav,Coppersmith Barbet,train,4
xc385666_15242.wav,Common Tailorbird,train,3
xc289527_3371.wav,Coppersmith Barbet,train,4
xc149307_4638.wav,Common Tailorbird,train,3
xc942414_2600.wav,White-throated Kingfisher,train,10
xc164692_3573.wav,Collared Kingfisher,train,1
xc953305_1151.wav,Asian Koel,train,0
xc619116_18392.wav,Olive-backed Sunbird,train,6
xc880658_0.wav,Spotted Dove,train,8
xc834667_15459.wav,Common Tailorbird,train,3
xc1031057_1038.wav,White-breasted Waterhen,train,9
xc295158_4252.wav,Collared Kingfisher,train,1
xc809180_29475.wav,Large-tailed Nightjar,train,5
xc951556_60422.wav,White-breasted Waterhen,train,9
xc845718_1317.wav,White-throated Kingfisher,train,10
xc206552_22107.wav,Spotted Dove,train,8
xc956376_7871.wav,White-breasted Waterhen,train,9
xc166758_3186.wav,Olive-backed Sunbird,train,6
xc297269_44545.wav,Common Iora,train,2
xc301810_355.wav,Olive-backed Sunbird,train,6
xc142516_6057.wav,Coppersmith Barbet,train,4
xc597124_3000.wav,Large-tailed Nightjar,train,5
xc150717_11635.wav,White-breasted Waterhen,train,9
xc192037_18093.wav,Coppersmith Barbet,train,4
xc575559_9227.wav,Collared Kingfisher,train,1
xc723482_30797.wav,Spotted Dove,train,8
xc810642_5144.wav,Large-tailed Nightjar,train,5
xc863037_14986.wav,Spotted Dove,train,8
xc1009636_124.wav,Coppersmith Barbet,train,4
xc911389_0.wav,White-breasted Waterhen,train,9
xc40065_6659.wav,Yellow-vented Bulbul,train,11
xc509761_19997.wav,Yellow-vented Bulbul,train,11
xc904468_8151.wav,White-breasted Waterhen,train,9
xc1031057_15900.wav,White-breasted Waterhen,train,9
xc167083_23288.wav,Yellow-vented Bulbul,train,11
xc1075899_31789.wav,Collared Kingfisher,train,1
xc671743_134.wav,Coppersmith Barbet,train,4
xc1071878_37100.wav,Pied Fantail,train,7
xc19400_29855.wav,Asian Koel,train,0
xc908994_0.wav,Common Iora,train,2
xc96538_6194.wav,Common Iora,train,2
xc893700_46897.wav,Collared Kingfisher,train,1
xc303532_209.wav,White-breasted Waterhen,train,9
xc897847_13098.wav,Common Tailorbird,train,3
xc531534_6000.wav,Coppersmith Barbet,train,4
xc834667_10346.wav,Common Tailorbird,train,3
xc1038548_50414.wav,Pied Fantail,train,7
xc473062_14336.wav,Spotted Dove,train,8
xc883647_12687.wav,Large-tailed Nightjar,train,5
xc88720_39718.wav,Common Iora,train,2
xc845718_76213.wav,White-throated Kingfisher,train,10
xc188426_4549.wav,White-breasted Waterhen,train,9
xc834668_27298.wav,Common Tailorbird,train,3
xc35804_6795.wav,Asian Koel,train,0
xc815843_17024.wav,Pied Fantail,train,7
xc706576_2568.wav,Common Iora,train,2
xc940167_3612.wav,Collared Kingfisher,train,1
xc805862_14310.wav,Collared Kingfisher,train,1
xc81310_11514.wav,Spotted Dove,train,8
xc1051597_0.wav,Collared Kingfisher,train,1
xc834666_23651.wav,Common Tailorbird,train,3
xc952349_13507.wav,Pied Fantail,train,7
xc799302_16782.wav,Common Iora,train,2
xc24591_1044.wav,Asian Koel,train,0
xc583144_8935.wav,White-breasted Waterhen,train,9
xc311133_11667.wav,Common Iora,train,2
xc956211_141.wav,Asian Koel,train,0
xc361795_3123.wav,Pied Fantail,train,7
xc360060_0.wav,Pied Fantail,train,7
xc736038_10165.wav,Spotted Dove,train,8
xc862635_14395.wav,Asian Koel,train,0
xc133013_24612.wav,Asian Koel,train,0
xc162827_9000.wav,Asian Koel,train,0
xc812732_36486.wav,Asian Koel,train,0
xc365386_12310.wav,White-throated Kingfisher,train,10
xc78435_70228.wav,Asian Koel,train,0
xc832863_18117.wav,Olive-backed Sunbird,train,6
xc879489_37285.wav,Spotted Dove,train,8
xc845311_9709.wav,White-breasted Waterhen,train,9
xc872918_3524.wav,Large-tailed Nightjar,train,5
xc986635_21000.wav,Olive-backed Sunbird,train,6
xc530842_11817.wav,Coppersmith Barbet,train,4
xc724405_37967.wav,White-breasted Waterhen,train,9
xc835386_40662.wav,Olive-backed Sunbird,train,6
xc957165_3028.wav,Large-tailed Nightjar,train,5
xc617140_4819.wav,Yellow-vented Bulbul,train,11
xc359359_3672.wav,Coppersmith Barbet,train,4
xc839569_7975.wav,Spotted Dove,train,8
xc957231_21.wav,White-throated Kingfisher,train,10
xc858037_3189.wav,Yellow-vented Bulbul,train,11
xc19803_16261.wav,Pied Fantail,train,7
xc721129_4435.wav,Spotted Dove,train,8
xc528888_3650.wav,Coppersmith Barbet,train,4
xc498803_19972.wav,White-throated Kingfisher,train,10
xc845718_59758.wav,White-throated Kingfisher,train,10
xc805862_19249.wav,Collared Kingfisher,train,1
xc177321_1655.wav,Collared Kingfisher,train,1
xc553021_19260.wav,Pied Fantail,train,7
xc835388_19258.wav,Olive-backed Sunbird,train,6
xc151210_13451.wav,Large-tailed Nightjar,train,5
xc1030459_4250.wav,White-breasted Waterhen,train,9
xc1073421_20280.wav,Large-tailed Nightjar,train,5
xc152653_6113.wav,Collared Kingfisher,train,1
xc311313_14628.wav,White-throated Kingfisher,train,10
xc19752_15333.wav,Large-tailed Nightjar,train,5
xc891472_36324.wav,Olive-backed Sunbird,train,6
xc955872_28914.wav,Olive-backed Sunbird,train,6
xc608941_2451.wav,Common Iora,train,2
xc164689_12999.wav,Collared Kingfisher,train,1
xc1077751_3000.wav,Large-tailed Nightjar,train,5
xc807231_11637.wav,Yellow-vented Bulbul,train,11
xc857646_7158.wav,Common Tailorbird,train,3
xc896209_4125.wav,Collared Kingfisher,train,1
xc359641_9233.wav,Olive-backed Sunbird,train,6
xc787963_26065.wav,Asian Koel,train,0
xc161260_7225.wav,Common Tailorbird,train,3
xc293219_44512.wav,Collared Kingfisher,train,1
xc365385_17645.wav,White-throated Kingfisher,train,10
xc783719_9154.wav,Coppersmith Barbet,train,4
xc723871_39028.wav,Spotted Dove,train,8
xc1030461_9686.wav,White-breasted Waterhen,train,9
xc829396_43636.wav,Large-tailed Nightjar,train,5
xc575559_6227.wav,Collared Kingfisher,train,1
xc1034184_18798.wav,Pied Fantail,train,7
xc938653_22472.wav,Yellow-vented Bulbul,train,11
xc843501_6158.wav,Spotted Dove,train,8
xc859462_14759.wav,Collared Kingfisher,train,1
xc956426_69289.wav,White-breasted Waterhen,train,9
xc621463_16895.wav,White-throated Kingfisher,train,10
xc551671_14043.wav,White-throated Kingfisher,train,10
xc1032011_4610.wav,Large-tailed Nightjar,train,5
xc361795_11951.wav,Pied Fantail,train,7
xc1004728_8302.wav,Olive-backed Sunbird,train,6
xc30001_9539.wav,Pied Fantail,train,7
xc473062_25169.wav,Spotted Dove,train,8
xc207243_6000.wav,Common Iora,train,2
xc956391_40634.wav,White-breasted Waterhen,train,9
xc25978_8227.wav,Large-tailed Nightjar,train,5
xc787731_12262.wav,Yellow-vented Bulbul,train,11
xc73022_24437.wav,Asian Koel,train,0
xc142516_1652.wav,Coppersmith Barbet,train,4
xc164693_28600.wav,Collared Kingfisher,train,1
xc756512_270.wav,Yellow-vented Bulbul,train,11
xc798838_226.wav,Collared Kingfisher,train,1
xc303821_5234.wav,Common Iora,train,2
xc843764_33621.wav,White-breasted Waterhen,train,9
xc941325_6711.wav,Common Tailorbird,train,3
xc893348_12711.wav,Common Tailorbird,train,3
xc379921_7080.wav,Pied Fantail,train,7
xc835386_0.wav,Olive-backed Sunbird,train,6
xc30000_2900.wav,Pied Fantail,train,7
xc403742_0.wav,Coppersmith Barbet,train,4
xc914094_33293.wav,Coppersmith Barbet,train,4
xc785098_0.wav,Pied Fantail,train,7
xc188009_22640.wav,Yellow-vented Bulbul,train,11
xc612274_5899.wav,Large-tailed Nightjar,train,5
xc833521_4459.wav,Olive-backed Sunbird,train,6
xc507734_5888.wav,Large-tailed Nightjar,train,5
xc204552_32152.wav,Olive-backed Sunbird,train,6
xc409378_25309.wav,Pied Fantail,train,7
xc1035372_12314.wav,Spotted Dove,train,8
xc151642_23102.wav,Collared Kingfisher,train,1
xc162859_3000.wav,White-throated Kingfisher,train,10
xc606430_0.wav,White-breasted Waterhen,train,9
xc754568_9131.wav,Olive-backed Sunbird,train,6
xc167085_86695.wav,Yellow-vented Bulbul,train,11
xc754354_0.wav,Common Iora,train,2
xc359295_21017.wav,Yellow-vented Bulbul,train,11
xc164345_19698.wav,Coppersmith Barbet,train,4
xc269430_16403.wav,Olive-backed Sunbird,train,6
xc152005_528.wav,Collared Kingfisher,train,1
xc547501_16626.wav,White-throated Kingfisher,train,10
xc158456_8815.wav,Large-tailed Nightjar,train,5
xc184289_47619.wav,Common Iora,train,2
xc897847_10098.wav,Common Tailorbird,train,3
xc578004_45060.wav,Yellow-vented Bulbul,train,11
xc501959_129162.wav,Yellow-vented Bulbul,train,11
xc809713_70381.wav,Spotted Dove,train,8
xc843501_41580.wav,Spotted Dove,train,8
xc161260_40522.wav,Common Tailorbird,train,3
xc35222_28391.wav,Coppersmith Barbet,train,4
xc835407_12031.wav,Olive-backed Sunbird,train,6
xc620130_9326.wav,Coppersmith Barbet,train,4
xc871206_18000.wav,Common Tailorbird,train,3
xc665384_10447.wav,Pied Fantail,train,7
xc709690_3766.wav,Common Tailorbird,train,3
xc1030707_31725.wav,Common Tailorbird,train,3
xc877987_20131.wav,Spotted Dove,train,8
xc896209_22107.wav,Collared Kingfisher,train,1
xc19647_12044.wav,Common Tailorbird,train,3
xc892779_4936.wav,Large-tailed Nightjar,train,5
xc937130_34474.wav,Pied Fantail,train,7
xc151136_81113.wav,Collared Kingfisher,train,1
xc834670_6368.wav,Common Tailorbird,train,3
xc841198_16154.wav,Common Iora,train,2
xc537915_3834.wav,Pied Fantail,train,7
xc787542_1317.wav,Yellow-vented Bulbul,train,11
xc797016_0.wav,White-throated Kingfisher,train,10
xc40046_232.wav,White-throated Kingfisher,train,10
xc893348_711.wav,Common Tailorbird,train,3
xc620130_12428.wav,Coppersmith Barbet,train,4
xc1041026_45615.wav,Asian Koel,train,0
xc1005530_9608.wav,Collared Kingfisher,train,1
xc197127_4233.wav,Common Iora,train,2
xc1051085_3014.wav,Pied Fantail,train,7
xc369387_2992.wav,Common Tailorbird,train,3
xc484953_11119.wav,Spotted Dove,train,8
xc290930_18147.wav,Olive-backed Sunbird,train,6
xc810486_2375.wav,Common Tailorbird,train,3
xc369566_13229.wav,Collared Kingfisher,train,1
xc756530_61990.wav,Pied Fantail,train,7
xc78438_40866.wav,Yellow-vented Bulbul,train,11
xc623017_4000.wav,Common Tailorbird,train,3
xc893700_33272.wav,Collared Kingfisher,train,1
xc369243_12577.wav,White-throated Kingfisher,train,10
xc756625_27308.wav,Large-tailed Nightjar,train,5
xc803973_10056.wav,Common Iora,train,2
xc1005530_11896.wav,Collared Kingfisher,train,1
xc795095_12091.wav,Collared Kingfisher,train,1
xc943204_7861.wav,Common Tailorbird,train,3
xc942724_7201.wav,Pied Fantail,train,7
xc469471_6199.wav,Coppersmith Barbet,train,4
xc621463_13424.wav,White-throated Kingfisher,train,10
xc879491_12384.wav,Spotted Dove,train,8
xc607934_46501.wav,Pied Fantail,train,7
xc725662_18939.wav,Spotted Dove,train,8
xc941383_12451.wav,Coppersmith Barbet,train,4
xc701873_9588.wav,Coppersmith Barbet,train,4
xc941512_34014.wav,Large-tailed Nightjar,train,5
xc788042_0.wav,Common Tailorbird,train,3
xc268331_30860.wav,Common Iora,train,2
xc761749_22677.wav,Large-tailed Nightjar,train,5
xc982016_10130.wav,White-breasted Waterhen,train,9
xc845703_15127.wav,Olive-backed Sunbird,train,6
xc216876_4570.wav,Common Iora,train,2
xc963788_16014.wav,Olive-backed Sunbird,train,6
xc875611_11502.wav,Spotted Dove,train,8
xc787731_6145.wav,Yellow-vented Bulbul,train,11
xc102912_9616.wav,White-breasted Waterhen,train,9
xc365386_28873.wav,White-throated Kingfisher,train,10
xc788037_0.wav,Olive-backed Sunbird,train,6
xc174985_6866.wav,Common Iora,train,2
xc174840_1315.wav,Yellow-vented Bulbul,train,11
xc575951_7363.wav,Large-tailed Nightjar,train,5
xc353099_16857.wav,Large-tailed Nightjar,train,5
xc311498_26739.wav,Spotted Dove,train,8
xc664633_12820.wav,Coppersmith Barbet,train,4
xc731973_19388.wav,Spotted Dove,train,8
xc936859_68541.wav,Pied Fantail,train,7
xc988109_37492.wav,Large-tailed Nightjar,train,5
xc786438_3383.wav,Asian Koel,train,0
xc531611_3000.wav,Asian Koel,train,0
xc622985_28010.wav,Coppersmith Barbet,train,4
xc19752_8498.wav,Large-tailed Nightjar,train,5
xc314337_9308.wav,Asian Koel,train,0
xc597124_0.wav,Large-tailed Nightjar,train,5
xc203466_17576.wav,Olive-backed Sunbird,train,6
xc795095_8628.wav,Collared Kingfisher,train,1
xc756475_8320.wav,Yellow-vented Bulbul,train,11
xc1005533_3021.wav,Collared Kingfisher,train,1
xc351669_21557.wav,Large-tailed Nightjar,train,5
xc40038_448.wav,Olive-backed Sunbird,train,6
xc623017_7000.wav,Common Tailorbird,train,3
xc94271_6595.wav,Pied Fantail,train,7
xc963858_45337.wav,Asian Koel,train,0
xc671743_9727.wav,Coppersmith Barbet,train,4
xc797495_17462.wav,White-breasted Waterhen,train,9
xc149307_16284.wav,Common Tailorbird,train,3
xc400193_16231.wav,Asian Koel,train,0
xc711521_25872.wav,Common Iora,train,2
xc788037_14506.wav,Olive-backed Sunbird,train,6
xc717548_6785.wav,Asian Koel,train,0
xc879491_6384.wav,Spotted Dove,train,8
xc956355_38360.wav,White-breasted Waterhen,train,9
xc189420_25865.wav,Asian Koel,train,0
xc547513_5043.wav,Common Tailorbird,train,3
xc96542_11206.wav,Common Iora,train,2
xc595461_13198.wav,Spotted Dove,train,8
xc835405_13024.wav,Olive-backed Sunbird,train,6
xc290553_3531.wav,Collared Kingfisher,train,1
xc1016030_21418.wav,Olive-backed Sunbird,train,6
xc167082_38701.wav,Yellow-vented Bulbul,train,11
xc812731_12804.wav,Asian Koel,train,0
xc1002981_22244.wav,Coppersmith Barbet,train,4
xc209215_12720.wav,White-throated Kingfisher,train,10
xc893348_3711.wav,Common Tailorbird,train,3
xc812732_7312.wav,Asian Koel,train,0
xc189204_22295.wav,White-throated Kingfisher,train,10
xc566000_283.wav,Spotted Dove,train,8
xc1067842_6327.wav,White-breasted Waterhen,train,9
xc472569_3634.wav,White-breasted Waterhen,train,9
xc665274_5547.wav,Spotted Dove,train,8
xc44835_6126.wav,Coppersmith Barbet,train,4
xc376316_3033.wav,Collared Kingfisher,train,1
xc188009_9320.wav,Yellow-vented Bulbul,train,11
xc956376_28871.wav,White-breasted Waterhen,train,9
xc38504_1036.wav,Common Iora,train,2
xc807231_8274.wav,Yellow-vented Bulbul,train,11
xc362686_22656.wav,Large-tailed Nightjar,train,5
xc754354_10906.wav,Common Iora,train,2
xc951556_49561.wav,White-breasted Waterhen,train,9
xc161431_26972.wav,Asian Koel,train,0
xc891369_6000.wav,Common Tailorbird,train,3
xc934683_24067.wav,Pied Fantail,train,7
xc797495_513.wav,White-breasted Waterhen,train,9
xc891369_0.wav,Common Tailorbird,train,3
xc203465_15014.wav,Olive-backed Sunbird,train,6
xc124367_0.wav,Large-tailed Nightjar,train,5
xc290679_16758.wav,Common Iora,train,2
xc151642_3000.wav,Collared Kingfisher,train,1
xc462432_16478.wav,White-breasted Waterhen,train,9
xc825797_30821.wav,Collared Kingfisher,train,1
xc269423_3399.wav,Collared Kingfisher,train,1
xc547505_19640.wav,Asian Koel,train,0
xc1074030_4590.wav,Coppersmith Barbet,train,4
xc617140_29467.wav,Yellow-vented Bulbul,train,11
xc1019748_46.wav,Spotted Dove,train,8
xc825796_14328.wav,Collared Kingfisher,train,1
xc938653_0.wav,Yellow-vented Bulbul,train,11
xc171263_29318.wav,Common Tailorbird,train,3
xc578352_19339.wav,Asian Koel,train,0
xc290530_18724.wav,Large-tailed Nightjar,train,5
xc952349_21793.wav,Pied Fantail,train,7
xc356241_29680.wav,Collared Kingfisher,train,1
xc94032_761.wav,Coppersmith Barbet,train,4
xc845718_24417.wav,White-throated Kingfisher,train,10
xc197605_38182.wav,White-throated Kingfisher,train,10
xc369547_27000.wav,Spotted Dove,train,8
xc268331_19135.wav,Common Iora,train,2
xc24597_6008.wav,Spotted Dove,train,8
xc616401_14254.wav,Yellow-vented Bulbul,train,11
xc1004382_27213.wav,Common Tailorbird,train,3
xc825796_549.wav,Collared Kingfisher,train,1
xc1035372_9061.wav,Spotted Dove,train,8
xc594951_36005.wav,Asian Koel,train,0
xc810646_26470.wav,Large-tailed Nightjar,train,5
xc756511_23436.wav,Yellow-vented Bulbul,train,11
xc236320_5598.wav,Common Iora,train,2
xc842516_33196.wav,Olive-backed Sunbird,train,6
xc951556_46520.wav,White-breasted Waterhen,train,9
xc841663_510.wav,Yellow-vented Bulbul,train,11
xc621463_8660.wav,White-throated Kingfisher,train,10
xc105148_6449.wav,White-breasted Waterhen,train,9
xc185772_52644.wav,Yellow-vented Bulbul,train,11
xc787542_53234.wav,Yellow-vented Bulbul,train,11
xc724736_12154.wav,Spotted Dove,train,8
xc461633_7710.wav,Large-tailed Nightjar,train,5
xc963368_802.wav,Asian Koel,train,0
xc40038_3448.wav,Olive-backed Sunbird,train,6
xc362047_25780.wav,Large-tailed Nightjar,train,5
xc290641_23663.wav,Yellow-vented Bulbul,train,11
xc164693_3501.wav,Collared Kingfisher,train,1
xc40065_3427.wav,Yellow-vented Bulbul,train,11
xc21133_9290.wav,Common Tailorbird,train,3
xc835194_7122.wav,Common Tailorbird,train,3
xc963967_7527.wav,Large-tailed Nightjar,train,5
xc721346_55576.wav,Common Tailorbird,train,3
xc26251_1833.wav,Common Iora,train,2
xc423125_22495.wav,Asian Koel,train,0
xc90768_9766.wav,Pied Fantail,train,7
xc359641_778.wav,Olive-backed Sunbird,train,6
xc783854_24616.wav,White-breasted Waterhen,train,9
xc188009_36827.wav,Yellow-vented Bulbul,train,11
xc825797_42896.wav,Collared Kingfisher,train,1
xc623017_19000.wav,Common Tailorbird,train,3
xc30001_24341.wav,Pied Fantail,train,7
xc189420_4243.wav,Asian Koel,train,0
xc207723_3000.wav,Common Iora,train,2
xc196584_6124.wav,Asian Koel,train,0
xc696208_294.wav,Asian Koel,train,0
xc956362_6425.wav,White-breasted Waterhen,train,9
xc766589_39204.wav,Spotted Dove,train,8
xc403052_325.wav,Yellow-vented Bulbul,train,11
xc371664_11875.wav,Common Iora,train,2
xc834670_56088.wav,Common Tailorbird,train,3
xc710634_7094.wav,Spotted Dove,train,8
xc164689_2994.wav,Collared Kingfisher,train,1
xc723978_23365.wav,Common Tailorbird,train,3
xc290932_4811.wav,Olive-backed Sunbird,train,6
xc1003536_0.wav,White-breasted Waterhen,train,9
xc859462_35892.wav,Collared Kingfisher,train,1
xc944621_31215.wav,White-breasted Waterhen,train,9
xc810646_15020.wav,Large-tailed Nightjar,train,5
xc353099_45683.wav,Large-tailed Nightjar,train,5
xc810646_99576.wav,Large-tailed Nightjar,train,5
xc952348_0.wav,Pied Fantail,train,7
xc369312_727.wav,Coppersmith Barbet,train,4
xc956426_8343.wav,White-breasted Waterhen,train,9
xc461513_3616.wav,Large-tailed Nightjar,train,5
xc883919_15962.wav,Common Tailorbird,train,3
xc290555_108.wav,Collared Kingfisher,train,1
xc190962_43691.wav,Spotted Dove,train,8
xc236320_0.wav,Common Iora,train,2
xc190966_3580.wav,Common Iora,train,2
xc207723_11215.wav,Common Iora,train,2
xc547501_23628.wav,White-throated Kingfisher,train,10
xc834667_469.wav,Common Tailorbird,train,3
xc1029676_36566.wav,Common Iora,train,2
xc607934_480.wav,Pied Fantail,train,7
xc551633_22326.wav,Asian Koel,train,0
xc379921_16200.wav,Pied Fantail,train,7
xc133013_72052.wav,Asian Koel,train,0
xc102911_0.wav,White-breasted Waterhen,train,9
xc190962_66424.wav,Spotted Dove,train,8
xc385666_3242.wav,Common Tailorbird,train,3
xc369314_26140.wav,Coppersmith Barbet,train,4
xc856162_3680.wav,Olive-backed Sunbird,train,6
xc1038548_148545.wav,Pied Fantail,train,7
xc343310_23587.wav,Pied Fantail,train,7
xc901469_1748.wav,Asian Koel,train,0
xc94272_12513.wav,Pied Fantail,train,7
xc580882_9046.wav,Yellow-vented Bulbul,train,11
xc893348_6711.wav,Common Tailorbird,train,3
xc984319_48137.wav,Large-tailed Nightjar,train,5
xc954622_3355.wav,Pied Fantail,train,7
xc857059_1877.wav,Coppersmith Barbet,train,4
xc620135_28618.wav,Coppersmith Barbet,train,4
xc498803_447.wav,White-throated Kingfisher,train,10
xc788763_19230.wav,Yellow-vented Bulbul,train,11
xc842519_72234.wav,White-breasted Waterhen,train,9
xc1071878_7234.wav,Pied Fantail,train,7
xc862446_0.wav,Olive-backed Sunbird,train,6
xc177256_5405.wav,Yellow-vented Bulbul,train,11
xc184706_36294.wav,White-throated Kingfisher,train,10
xc919673_60987.wav,Common Tailorbird,train,3
xc144356_10601.wav,Large-tailed Nightjar,train,5
xc941383_26428.wav,Coppersmith Barbet,train,4
xc797495_24954.wav,White-breasted Waterhen,train,9
xc956691_21243.wav,Large-tailed Nightjar,train,5
xc711521_13179.wav,Common Iora,train,2
xc787660_6927.wav,Common Tailorbird,train,3
xc156229_1196.wav,White-breasted Waterhen,train,9
xc1071405_1581.wav,Asian Koel,train,0
xc514743_13774.wav,Asian Koel,train,0
xc555515_41367.wav,Common Tailorbird,train,3
xc474093_30511.wav,Spotted Dove,train,8
xc919207_18542.wav,Common Tailorbird,train,3
xc619809_20959.wav,Collared Kingfisher,train,1
xc491974_35535.wav,Large-tailed Nightjar,train,5
xc161260_67741.wav,Common Tailorbird,train,3
xc835194_35914.wav,Common Tailorbird,train,3
xc1030898_15497.wav,Spotted Dove,train,8
xc166851_7012.wav,Collared Kingfisher,train,1
xc992533_3000.wav,Common Tailorbird,train,3
xc24591_13156.wav,Asian Koel,train,0
xc381375_3000.wav,White-throated Kingfisher,train,10
xc472753_10841.wav,White-throated Kingfisher,train,10
xc834666_3560.wav,Common Tailorbird,train,3
xc910592_22907.wav,White-breasted Waterhen,train,9
xc956356_20019.wav,White-breasted Waterhen,train,9
xc717548_12811.wav,Asian Koel,train,0
xc311142_8551.wav,White-breasted Waterhen,train,9
xc956362_50020.wav,White-breasted Waterhen,train,9
xc269431_18426.wav,Olive-backed Sunbird,train,6
xc809702_6117.wav,White-throated Kingfisher,train,10
xc983831_7939.wav,Asian Koel,train,0
xc204069_405.wav,Yellow-vented Bulbul,train,11
xc27611_11378.wav,Asian Koel,train,0
xc872918_136.wav,Large-tailed Nightjar,train,5
xc161259_28.wav,Common Tailorbird,train,3
xc507756_30708.wav,White-throated Kingfisher,train,10
xc293219_29758.wav,Collared Kingfisher,train,1
xc941325_27711.wav,Common Tailorbird,train,3
xc551633_13284.wav,Asian Koel,train,0
xc196584_36634.wav,Asian Koel,train,0
xc124365_15155.wav,Large-tailed Nightjar,train,5
xc783708_15000.wav,White-breasted Waterhen,train,9
xc956342_15.wav,White-breasted Waterhen,train,9
xc783842_16718.wav,White-throated Kingfisher,train,10
xc773797_23306.wav,Spotted Dove,train,8
xc755258_39455.wav,Large-tailed Nightjar,train,5
xc290554_18811.wav,Collared Kingfisher,train,1
xc721129_22435.wav,Spotted Dove,train,8
xc518843_20686.wav,Asian Koel,train,0
xc78291_5667.wav,Spotted Dove,train,8
xc477125_11008.wav,Collared Kingfisher,train,1
xc185772_12104.wav,Yellow-vented Bulbul,train,11
xc361795_6523.wav,Pied Fantail,train,7
xc956362_15106.wav,White-breasted Waterhen,train,9
xc401924_33269.wav,Pied Fantail,train,7
xc954983_75074.wav,Yellow-vented Bulbul,train,11
xc721355_6357.wav,Common Tailorbird,train,3
xc783708_3000.wav,White-breasted Waterhen,train,9
xc96539_41748.wav,Common Iora,train,2
xc491974_21835.wav,Large-tailed Nightjar,train,5
xc472611_25935.wav,Large-tailed Nightjar,train,5
xc834670_29383.wav,Common Tailorbird,train,3
xc290932_70216.wav,Olive-backed Sunbird,train,6
xc1073421_484.wav,Large-tailed Nightjar,train,5
xc723609_9976.wav,Yellow-vented Bulbul,train,11
xc956375_54225.wav,White-breasted Waterhen,train,9
xc809713_39528.wav,Spotted Dove,train,8
xc402013_47839.wav,Collared Kingfisher,train,1
xc498369_6472.wav,White-breasted Waterhen,train,9
xc551633_31589.wav,Asian Koel,train,0
xc167088_572.wav,Pied Fantail,train,7
xc941325_18711.wav,Common Tailorbird,train,3
xc359540_9356.wav,White-breasted Waterhen,train,9
xc122982_15114.wav,Coppersmith Barbet,train,4
xc735664_16146.wav,Common Iora,train,2
xc397623_66407.wav,Olive-backed Sunbird,train,6
xc620135_1651.wav,Coppersmith Barbet,train,4
xc832863_13690.wav,Olive-backed Sunbird,train,6
xc1075897_0.wav,Collared Kingfisher,train,1
xc756512_15372.wav,Yellow-vented Bulbul,train,11
xc627993_35755.wav,Pied Fantail,train,7
xc841000_7244.wav,Olive-backed Sunbird,train,6
xc785879_1851.wav,Spotted Dove,train,8
xc797016_26074.wav,White-throated Kingfisher,train,10
xc26057_9234.wav,Common Iora,train,2
xc898777_13671.wav,Common Tailorbird,train,3
xc710634_1094.wav,Spotted Dove,train,8
xc186559_3013.wav,Collared Kingfisher,train,1
xc303760_13003.wav,Common Iora,train,2
xc834668_12298.wav,Common Tailorbird,train,3
xc835395_374.wav,Olive-backed Sunbird,train,6
xc859462_32382.wav,Collared Kingfisher,train,1
xc181995_38042.wav,White-throated Kingfisher,train,10
xc1032011_56.wav,Large-tailed Nightjar,train,5
xc244136_0.wav,White-throated Kingfisher,train,10
xc179229_104245.wav,Asian Koel,train,0
xc20267_3436.wav,Asian Koel,train,0
xc627991_6888.wav,Pied Fantail,train,7
xc516499_26366.wav,Common Iora,train,2
xc461218_33498.wav,Yellow-vented Bulbul,train,11
xc919673_76069.wav,Common Tailorbird,train,3
xc756530_29513.wav,Pied Fantail,train,7
xc919673_19456.wav,Common Tailorbird,train,3
xc963788_10359.wav,Olive-backed Sunbird,train,6
xc706576_22423.wav,Common Iora,train,2
xc938407_10574.wav,Yellow-vented Bulbul,train,11
xc509761_39652.wav,Yellow-vented Bulbul,train,11
xc606184_59455.wav,Yellow-vented Bulbul,train,11
xc877678_3804.wav,Common Tailorbird,train,3
xc710634_13094.wav,Spotted Dove,train,8
xc941325_12711.wav,Common Tailorbird,train,3
xc845720_32870.wav,White-throated Kingfisher,train,10
xc121824_13057.wav,Collared Kingfisher,train,1
xc498802_8426.wav,White-throated Kingfisher,train,10
xc720533_14508.wav,Asian Koel,train,0
xc117091_2753.wav,White-throated Kingfisher,train,10
xc40038_12448.wav,Olive-backed Sunbird,train,6
xc461513_26787.wav,Large-tailed Nightjar,train,5
xc788204_3828.wav,Asian Koel,train,0
xc73023_71666.wav,Asian Koel,train,0
xc73024_28870.wav,Asian Koel,train,0
xc956392_64891.wav,White-breasted Waterhen,train,9
xc269988_13463.wav,Collared Kingfisher,train,1
xc955872_142.wav,Olive-backed Sunbird,train,6
xc402013_30857.wav,Collared Kingfisher,train,1
xc314179_13175.wav,Yellow-vented Bulbul,train,11
xc327430_4519.wav,Asian Koel,train,0
xc857059_9525.wav,Coppersmith Barbet,train,4
xc86947_24830.wav,Collared Kingfisher,train,1
xc206552_15581.wav,Spotted Dove,train,8
xc891472_24758.wav,Olive-backed Sunbird,train,6
xc269435_24974.wav,Collared Kingfisher,train,1
xc566256_407.wav,Olive-backed Sunbird,train,6
xc530844_464.wav,Coppersmith Barbet,train,4
xc834670_45201.wav,Common Tailorbird,train,3
xc150717_52401.wav,White-breasted Waterhen,train,9
xc822911_9945.wav,Coppersmith Barbet,train,4
xc810486_16582.wav,Common Tailorbird,train,3
xc787542_16346.wav,Yellow-vented Bulbul,train,11
xc566000_9803.wav,Spotted Dove,train,8
xc956391_8799.wav,White-breasted Waterhen,train,9
xc630802_35983.wav,Pied Fantail,train,7
xc773800_9236.wav,Yellow-vented Bulbul,train,11
xc207964_5098.wav,Olive-backed Sunbird,train,6
xc724405_8605.wav,White-breasted Waterhen,train,9
xc269988_0.wav,Collared Kingfisher,train,1
xc290697_11086.wav,Common Tailorbird,train,3
xc290931_44761.wav,Olive-backed Sunbird,train,6
xc754359_22746.wav,Common Iora,train,2
xc1035372_5331.wav,Spotted Dove,train,8
xc203466_32915.wav,Olive-backed Sunbird,train,6
xc35733_46899.wav,Pied Fantail,train,7
xc1004728_36166.wav,Olive-backed Sunbird,train,6
xc90768_3031.wav,Pied Fantail,train,7
xc86947_28545.wav,Collared Kingfisher,train,1
xc293219_68069.wav,Collared Kingfisher,train,1
xc809180_3418.wav,Large-tailed Nightjar,train,5
xc216876_25355.wav,Common Iora,train,2
xc244136_12457.wav,White-throated Kingfisher,train,10
xc963858_1747.wav,Asian Koel,train,0
xc834668_15298.wav,Common Tailorbird,train,3
xc555514_3983.wav,Common Tailorbird,train,3
xc534568_264.wav,Coppersmith Barbet,train,4
xc484451_44383.wav,Common Tailorbird,train,3
xc600906_74572.wav,Common Iora,train,2
xc184698_374.wav,Yellow-vented Bulbul,train,11
xc314179_21241.wav,Yellow-vented Bulbul,train,11
xc164693_36957.wav,Collared Kingfisher,train,1
xc710198_65.wav,Common Iora,train,2
xc209207_58937.wav,White-throated Kingfisher,train,10
xc31590_7909.wav,Asian Koel,train,0
xc161968_3749.wav,Asian Koel,train,0
xc973481_92864.wav,Large-tailed Nightjar,train,5
xc813888_590.wav,Common Iora,train,2
xc937965_65741.wav,Yellow-vented Bulbul,train,11
xc910592_12840.wav,White-breasted Waterhen,train,9
xc962853_22809.wav,Coppersmith Barbet,train,4
xc597045_1331.wav,Large-tailed Nightjar,train,5
xc764727_297.wav,Yellow-vented Bulbul,train,11
xc984319_53540.wav,Large-tailed Nightjar,train,5
xc125392_5462.wav,White-throated Kingfisher,train,10
xc956003_12000.wav,Common Tailorbird,train,3
xc921512_15323.wav,White-throated Kingfisher,train,10
xc164666_36294.wav,Common Iora,train,2
xc630802_41731.wav,Pied Fantail,train,7
xc756511_63050.wav,Yellow-vented Bulbul,train,11
xc956211_46367.wav,Asian Koel,train,0
xc1050124_18244.wav,Coppersmith Barbet,train,4
xc254982_5476.wav,White-throated Kingfisher,train,10
xc1075897_9000.wav,Collared Kingfisher,train,1
xc290929_1481.wav,Olive-backed Sunbird,train,6
xc360039_32840.wav,Yellow-vented Bulbul,train,11
xc88719_27179.wav,Common Iora,train,2
xc776063_16573.wav,Spotted Dove,train,8
xc498811_0.wav,White-throated Kingfisher,train,10
xc977990_3781.wav,Collared Kingfisher,train,1
xc94273_2255.wav,Pied Fantail,train,7
xc181992_16950.wav,Asian Koel,train,0
xc834665_6892.wav,Common Tailorbird,train,3
xc403727_5336.wav,Collared Kingfisher,train,1
xc507756_36598.wav,White-throated Kingfisher,train,10
xc756569_21638.wav,Spotted Dove,train,8
xc284503_6667.wav,Pied Fantail,train,7
xc736038_29258.wav,Spotted Dove,train,8
xc735667_6472.wav,Asian Koel,train,0
xc304839_27734.wav,Coppersmith Barbet,train,4
xc90551_43.wav,Spotted Dove,train,8
xc472857_21668.wav,Common Tailorbird,train,3
xc203463_24728.wav,Olive-backed Sunbird,train,6
xc701873_18014.wav,Coppersmith Barbet,train,4
xc290554_28272.wav,Collared Kingfisher,train,1
xc892779_12062.wav,Large-tailed Nightjar,train,5
xc843501_24452.wav,Spotted Dove,train,8
xc786219_34782.wav,Spotted Dove,train,8
xc1005528_4390.wav,Collared Kingfisher,train,1
xc1029676_11807.wav,Common Iora,train,2
xc161188_9661.wav,Coppersmith Barbet,train,4
xc755258_29397.wav,Large-tailed Nightjar,train,5
xc565732_0.wav,White-throated Kingfisher,train,10
xc39156_40021.wav,Collared Kingfisher,train,1
xc838780_18685.wav,Olive-backed Sunbird,train,6
xc491974_11778.wav,Large-tailed Nightjar,train,5
xc756511_33278.wav,Yellow-vented Bulbul,train,11
xc877674_10166.wav,Olive-backed Sunbird,train,6
xc290930_26670.wav,Olive-backed Sunbird,train,6
xc30000_24852.wav,Pied Fantail,train,7
xc311359_22797.wav,Coppersmith Barbet,train,4
xc1079695_8119.wav,Olive-backed Sunbird,train,6
xc164811_37164.wav,Coppersmith Barbet,train,4
xc1004728_41034.wav,Olive-backed Sunbird,train,6
xc1034181_4944.wav,Pied Fantail,train,7
xc845720_53357.wav,White-throated Kingfisher,train,10
xc835194_22015.wav,Common Tailorbird,train,3
xc936859_81518.wav,Pied Fantail,train,7
xc987636_6974.wav,Common Tailorbird,train,3
xc1038548_39433.wav,Pied Fantail,train,7
xc942724_3691.wav,Pied Fantail,train,7
xc863037_26151.wav,Spotted Dove,train,8
xc161199_10865.wav,Asian Koel,train,0
xc365384_43480.wav,Coppersmith Barbet,train,4
xc1070586_3808.wav,Large-tailed Nightjar,train,5
xc73023_52383.wav,Asian Koel,train,0
xc96538_13717.wav,Common Iora,train,2
xc956375_37149.wav,White-breasted Waterhen,train,9
xc161223_19315.wav,White-throated Kingfisher,train,10
xc35222_10317.wav,Coppersmith Barbet,train,4
xc952005_7916.wav,Coppersmith Barbet,train,4
xc21133_6190.wav,Common Tailorbird,train,3
xc883918_3810.wav,Common Tailorbird,train,3
xc877988_4141.wav,Spotted Dove,train,8
xc812737_7363.wav,Asian Koel,train,0
xc44835_2983.wav,Coppersmith Barbet,train,4
xc26057_27774.wav,Common Iora,train,2
xc620135_15019.wav,Coppersmith Barbet,train,4
xc37625_0.wav,Asian Koel,train,0
xc922610_450.wav,Pied Fantail,train,7
xc955244_98.wav,Yellow-vented Bulbul,train,11
xc547540_986.wav,White-throated Kingfisher,train,10
xc209538_58375.wav,White-throated Kingfisher,train,10
xc171754_26097.wav,Large-tailed Nightjar,train,5
xc617140_45820.wav,Yellow-vented Bulbul,train,11
xc269431_935.wav,Olive-backed Sunbird,train,6
xc164666_17715.wav,Common Iora,train,2
xc1071357_486.wav,White-throated Kingfisher,train,10
xc892324_721.wav,Olive-backed Sunbird,train,6
xc843300_6837.wav,White-breasted Waterhen,train,9
xc891472_49496.wav,Olive-backed Sunbird,train,6
xc161477_25840.wav,Common Iora,train,2
xc311359_4035.wav,Coppersmith Barbet,train,4
xc816755_5156.wav,Pied Fantail,train,7
xc730935_7240.wav,Collared Kingfisher,train,1
xc978467_7938.wav,Collared Kingfisher,train,1
xc788763_30994.wav,Yellow-vented Bulbul,train,11
xc179374_12407.wav,Collared Kingfisher,train,1
xc952348_33253.wav,Pied Fantail,train,7
xc919673_2126.wav,Common Tailorbird,train,3
xc987393_4703.wav,White-breasted Waterhen,train,9
xc707485_28497.wav,Large-tailed Nightjar,train,5
xc81310_14514.wav,Spotted Dove,train,8
xc984319_43520.wav,Large-tailed Nightjar,train,5
xc385666_18242.wav,Common Tailorbird,train,3
xc59702_17205.wav,Yellow-vented Bulbul,train,11
xc616994_4694.wav,Asian Koel,train,0
xc959979_32824.wav,Large-tailed Nightjar,train,5
xc290679_11875.wav,Common Iora,train,2
xc797030_14450.wav,Yellow-vented Bulbul,train,11
xc269430_28913.wav,Olive-backed Sunbird,train,6
xc284503_567.wav,Pied Fantail,train,7
xc507731_15277.wav,Large-tailed Nightjar,train,5
xc889942_29512.wav,Olive-backed Sunbird,train,6
xc788290_0.wav,Spotted Dove,train,8
xc164345_7332.wav,Coppersmith Barbet,train,4
xc956376_4871.wav,White-breasted Waterhen,train,9
xc109957_35254.wav,Olive-backed Sunbird,train,6
xc835194_46897.wav,Common Tailorbird,train,3
xc756569_30541.wav,Spotted Dove,train,8
xc1063688_27878.wav,Large-tailed Nightjar,train,5
xc216930_7161.wav,Pied Fantail,train,7
xc730935_10589.wav,Collared Kingfisher,train,1
xc575560_3597.wav,Collared Kingfisher,train,1
xc957165_28.wav,Large-tailed Nightjar,train,5
xc365142_2003.wav,Large-tailed Nightjar,train,5
xc782712_22403.wav,Yellow-vented Bulbul,train,11
xc956442_30344.wav,White-breasted Waterhen,train,9
xc845702_9000.wav,Olive-backed Sunbird,train,6
xc431502_17642.wav,White-throated Kingfisher,train,10
xc42618_15047.wav,Collared Kingfisher,train,1
xc566000_13582.wav,Spotted Dove,train,8
xc1005668_9086.wav,Common Tailorbird,train,3
xc513453_48535.wav,White-throated Kingfisher,train,10
xc1071878_25390.wav,Pied Fantail,train,7
xc547501_4478.wav,White-throated Kingfisher,train,10
xc871206_6000.wav,Common Tailorbird,train,3
xc96542_16674.wav,Common Iora,train,2
xc311359_17941.wav,Coppersmith Barbet,train,4
xc46585_26076.wav,Yellow-vented Bulbul,train,11
xc79567_41294.wav,White-throated Kingfisher,train,10
xc27611_33154.wav,Asian Koel,train,0
xc895736_14195.wav,Pied Fantail,train,7
xc44805_14992.wav,Coppersmith Barbet,train,4
xc534568_16166.wav,Coppersmith Barbet,train,4
xc35836_5964.wav,Olive-backed Sunbird,train,6
xc845704_6120.wav,Olive-backed Sunbird,train,6
xc835409_24676.wav,Olive-backed Sunbird,train,6
xc351356_8531.wav,Coppersmith Barbet,train,4
xc1030898_949.wav,Spotted Dove,train,8
xc578352_28034.wav,Asian Koel,train,0
xc936859_42681.wav,Pied Fantail,train,7
xc78438_2395.wav,Yellow-vented Bulbul,train,11
xc937965_35999.wav,Yellow-vented Bulbul,train,11
xc124367_48846.wav,Large-tailed Nightjar,train,5
xc518843_37834.wav,Asian Koel,train,0
xc834668_30304.wav,Common Tailorbird,train,3
xc369387_5952.wav,Common Tailorbird,train,3
xc812737_10360.wav,Asian Koel,train,0
xc649544_33764.wav,Pied Fantail,train,7
xc409379_18230.wav,Pied Fantail,train,7
xc788680_5419.wav,Asian Koel,train,0
xc152652_38739.wav,White-breasted Waterhen,train,9
xc209215_70234.wav,White-throated Kingfisher,train,10
xc756530_3000.wav,Pied Fantail,train,7
xc359641_12233.wav,Olive-backed Sunbird,train,6
xc938488_14767.wav,Yellow-vented Bulbul,train,11
xc269432_5951.wav,Olive-backed Sunbird,train,6
xc478316_24303.wav,Pied Fantail,train,7
xc203465_9594.wav,Olive-backed Sunbird,train,6
xc664633_820.wav,Coppersmith Barbet,train,4
xc473850_25187.wav,Common Iora,train,2
xc86947_67994.wav,Collared Kingfisher,train,1
xc166851_4012.wav,Collared Kingfisher,train,1
xc859462_8349.wav,Collared Kingfisher,train,1
xc194196_31967.wav,Asian Koel,train,0
xc109957_32197.wav,Olive-backed Sunbird,train,6
xc844113_33193.wav,White-breasted Waterhen,train,9
xc845705_33342.wav,Olive-backed Sunbird,train,6
xc841872_46616.wav,Spotted Dove,train,8
xc896209_37380.wav,Collared Kingfisher,train,1
xc730856_1911.wav,Yellow-vented Bulbul,train,11
xc19803_1399.wav,Pied Fantail,train,7
xc161631_20973.wav,Yellow-vented Bulbul,train,11
xc474093_0.wav,Spotted Dove,train,8
xc359359_62.wav,Coppersmith Barbet,train,4
xc879489_94955.wav,Spotted Dove,train,8
xc575560_596.wav,Collared Kingfisher,train,1
xc635320_40201.wav,Asian Koel,train,0
xc509761_31406.wav,Yellow-vented Bulbul,train,11
xc838780_29054.wav,Olive-backed Sunbird,train,6
xc188426_15174.wav,White-breasted Waterhen,train,9
xc937130_7718.wav,Pied Fantail,train,7
xc461218_3086.wav,Yellow-vented Bulbul,train,11
xc910592_7026.wav,White-breasted Waterhen,train,9
xc1006365_2946.wav,Coppersmith Barbet,train,4
xc166134_784.wav,Coppersmith Barbet,train,4
xc192037_6093.wav,Coppersmith Barbet,train,4
xc286713_8145.wav,Collared Kingfisher,train,1
xc684609_6320.wav,Collared Kingfisher,train,1
xc1070371_27277.wav,Pied Fantail,train,7
xc184706_24116.wav,White-throated Kingfisher,train,10
xc474093_43018.wav,Spotted Dove,train,8
xc149687_1624.wav,Coppersmith Barbet,train,4
xc842521_53.wav,White-breasted Waterhen,train,9
xc42618_11870.wav,Collared Kingfisher,train,1
xc896209_45170.wav,Collared Kingfisher,train,1
xc802979_66991.wav,Yellow-vented Bulbul,train,11
xc883918_6810.wav,Common Tailorbird,train,3
xc883647_20205.wav,Large-tailed Nightjar,train,5
xc616401_22878.wav,Yellow-vented Bulbul,train,11
xc290679_889.wav,Common Iora,train,2
xc537915_19393.wav,Pied Fantail,train,7
xc595461_4516.wav,Spotted Dove,train,8
xc841198_7684.wav,Common Iora,train,2
xc348719_5261.wav,Coppersmith Barbet,train,4
xc835386_14867.wav,Olive-backed Sunbird,train,6
xc551633_620.wav,Asian Koel,train,0
xc290585_4423.wav,Coppersmith Barbet,train,4
xc845703_21284.wav,Olive-backed Sunbird,train,6
xc578004_7158.wav,Yellow-vented Bulbul,train,11
xc706576_56944.wav,Common Iora,train,2
xc785879_12236.wav,Spotted Dove,train,8
xc1030462_25105.wav,White-breasted Waterhen,train,9
xc78439_406.wav,Common Iora,train,2
xc362047_9766.wav,Large-tailed Nightjar,train,5
xc498806_52078.wav,White-throated Kingfisher,train,10
xc914094_41259.wav,Coppersmith Barbet,train,4
xc877987_24786.wav,Spotted Dove,train,8
xc197619_39359.wav,Collared Kingfisher,train,1
xc783854_17090.wav,White-breasted Waterhen,train,9
xc809179_643.wav,Large-tailed Nightjar,train,5
xc797495_9000.wav,White-breasted Waterhen,train,9
xc473850_20857.wav,Common Iora,train,2
xc133013_42993.wav,Asian Koel,train,0
xc72623_1392.wav,Yellow-vented Bulbul,train,11
xc166134_24604.wav,Coppersmith Barbet,train,4
xc1011129_18060.wav,Common Iora,train,2
xc756430_24532.wav,Pied Fantail,train,7
xc647854_271.wav,Common Tailorbird,train,3
xc460164_1694.wav,White-throated Kingfisher,train,10
xc938407_0.wav,Yellow-vented Bulbul,train,11
xc184706_8439.wav,White-throated Kingfisher,train,10
xc954983_54268.wav,Yellow-vented Bulbul,train,11
xc44805_569.wav,Coppersmith Barbet,train,4
xc956376_1874.wav,White-breasted Waterhen,train,9
xc164693_14506.wav,Collared Kingfisher,train,1
xc301810_22580.wav,Olive-backed Sunbird,train,6
xc534568_12192.wav,Coppersmith Barbet,train,4
xc898777_6557.wav,Common Tailorbird,train,3
xc835388_6000.wav,Olive-backed Sunbird,train,6
xc649545_68653.wav,Pied Fantail,train,7
xc38821_13223.wav,Common Iora,train,2
xc835388_0.wav,Olive-backed Sunbird,train,6
xc530839_14219.wav,Coppersmith Barbet,train,4
xc303822_3751.wav,Common Iora,train,2
xc809713_30358.wav,Spotted Dove,train,8
xc803973_18125.wav,Common Iora,train,2
xc921512_4176.wav,White-throated Kingfisher,train,10
xc185772_23169.wav,Yellow-vented Bulbul,train,11
xc498807_37606.wav,White-throated Kingfisher,train,10
xc369563_0.wav,Collared Kingfisher,train,1
xc809702_526.wav,White-throated Kingfisher,train,10
xc809179_37725.wav,Large-tailed Nightjar,train,5
xc956392_9000.wav,White-breasted Waterhen,train,9
xc290584_573.wav,Coppersmith Barbet,train,4
xc1003558_16308.wav,Collared Kingfisher,train,1
xc78434_29438.wav,Asian Koel,train,0
xc616401_2433.wav,Yellow-vented Bulbul,train,11
xc197128_7085.wav,Common Iora,train,2
xc290530_12667.wav,Large-tailed Nightjar,train,5
xc311498_10183.wav,Spotted Dove,train,8
xc776063_2372.wav,Spotted Dove,train,8
xc1070371_16900.wav,Pied Fantail,train,7
xc79531_3835.wav,Yellow-vented Bulbul,train,11
xc566252_16127.wav,Olive-backed Sunbird,train,6
xc1070586_17545.wav,Large-tailed Nightjar,train,5
xc519945_1056.wav,Pied Fantail,train,7
xc78435_1357.wav,Asian Koel,train,0
xc369314_6531.wav,Coppersmith Barbet,train,4
xc311306_17045.wav,White-throated Kingfisher,train,10
xc1004365_28391.wav,Pied Fantail,train,7
xc1030462_20503.wav,White-breasted Waterhen,train,9
xc908994_18544.wav,Common Iora,train,2
xc184706_4325.wav,White-throated Kingfisher,train,10
xc311133_19584.wav,Common Iora,train,2
xc797018_24168.wav,White-throated Kingfisher,train,10
xc26252_12712.wav,Common Iora,train,2
xc616396_12000.wav,Olive-backed Sunbird,train,6
xc664308_23610.wav,Common Iora,train,2
xc845311_89.wav,White-breasted Waterhen,train,9
xc620130_3139.wav,Coppersmith Barbet,train,4
xc347594_15000.wav,White-throated Kingfisher,train,10
xc842516_1538.wav,Olive-backed Sunbird,train,6
xc843300_3689.wav,White-breasted Waterhen,train,9
xc1029034_55061.wav,Asian Koel,train,0
xc956417_6484.wav,White-breasted Waterhen,train,9
xc548744_3510.wav,White-breasted Waterhen,train,9
xc472569_634.wav,White-breasted Waterhen,train,9
xc730856_8056.wav,Yellow-vented Bulbul,train,11
xc1003536_20195.wav,White-breasted Waterhen,train,9
xc365386_25873.wav,White-throated Kingfisher,train,10
xc845718_42977.wav,White-throated Kingfisher,train,10
xc531612_14780.wav,Asian Koel,train,0
xc161260_54403.wav,Common Tailorbird,train,3
xc735664_1701.wav,Common Iora,train,2
xc484451_3817.wav,Common Tailorbird,train,3
xc365725_3000.wav,White-breasted Waterhen,train,9
xc721251_30345.wav,Pied Fantail,train,7
xc290697_23396.wav,Common Tailorbird,train,3
xc88412_10339.wav,Spotted Dove,train,8
xc1002977_12670.wav,Collared Kingfisher,train,1
xc787731_17703.wav,Yellow-vented Bulbul,train,11
xc934683_7512.wav,Pied Fantail,train,7
xc473062_11336.wav,Spotted Dove,train,8
xc963967_11291.wav,Large-tailed Nightjar,train,5
xc359638_39812.wav,Olive-backed Sunbird,train,6
xc290641_37341.wav,Yellow-vented Bulbul,train,11
xc707485_35767.wav,Large-tailed Nightjar,train,5
xc956356_3848.wav,White-breasted Waterhen,train,9
xc79567_44578.wav,White-throated Kingfisher,train,10
xc185772_82844.wav,Yellow-vented Bulbul,train,11
xc999942_19238.wav,Spotted Dove,train,8
xc701873_35611.wav,Coppersmith Barbet,train,4
xc764727_3297.wav,Yellow-vented Bulbul,train,11
xc187429_29459.wav,Common Iora,train,2
xc956342_3555.wav,White-breasted Waterhen,train,9
xc433760_3743.wav,White-throated Kingfisher,train,10
xc401924_17442.wav,Pied Fantail,train,7
xc783505_871.wav,Olive-backed Sunbird,train,6
xc151136_15686.wav,Collared Kingfisher,train,1
xc311310_6549.wav,White-throated Kingfisher,train,10
xc844113_9384.wav,White-breasted Waterhen,train,9
xc342488_36166.wav,Yellow-vented Bulbul,train,11
xc1005528_1388.wav,Collared Kingfisher,train,1
xc1030898_40028.wav,Spotted Dove,train,8
xc956418_10680.wav,White-breasted Waterhen,train,9
xc841872_40084.wav,Spotted Dove,train,8
xc845703_3028.wav,Olive-backed Sunbird,train,6
xc472753_15333.wav,White-throated Kingfisher,train,10
xc835194_43534.wav,Common Tailorbird,train,3
xc88421_1546.wav,Large-tailed Nightjar,train,5
xc88421_21048.wav,Large-tailed Nightjar,train,5
xc797439_19449.wav,White-breasted Waterhen,train,9
xc842013_28925.wav,Coppersmith Barbet,train,4
xc35653_62.wav,Common Iora,train,2
xc78438_49866.wav,Yellow-vented Bulbul,train,11
xc102911_14531.wav,White-breasted Waterhen,train,9
xc1069346_6382.wav,Coppersmith Barbet,train,4
xc748185_24063.wav,Spotted Dove,train,8
xc181995_404.wav,White-throated Kingfisher,train,10
xc473062_28169.wav,Spotted Dove,train,8
xc937909_6215.wav,Pied Fantail,train,7
xc941325_15711.wav,Common Tailorbird,train,3
xc845704_42440.wav,Olive-backed Sunbird,train,6
xc773797_19794.wav,Spotted Dove,train,8
xc954983_23773.wav,Yellow-vented Bulbul,train,11
xc787963_4535.wav,Asian Koel,train,0
xc959979_27308.wav,Large-tailed Nightjar,train,5
xc69404_452.wav,Pied Fantail,train,7
xc600906_69139.wav,Common Iora,train,2
xc1016073_4890.wav,Coppersmith Barbet,train,4
xc986141_11456.wav,Asian Koel,train,0
xc1011129_27780.wav,Common Iora,train,2
xc594949_35831.wav,Asian Koel,train,0
xc59702_37814.wav,Yellow-vented Bulbul,train,11
xc721355_61.wav,Common Tailorbird,train,3
xc756510_20324.wav,Yellow-vented Bulbul,train,11
xc269431_5313.wav,Olive-backed Sunbird,train,6
xc430263_6882.wav,White-throated Kingfisher,train,10
xc96538_0.wav,Common Iora,train,2
xc616396_9000.wav,Olive-backed Sunbird,train,6
xc478316_0.wav,Pied Fantail,train,7
xc756624_67671.wav,Large-tailed Nightjar,train,5
xc756511_50468.wav,Yellow-vented Bulbul,train,11
xc1002981_17903.wav,Coppersmith Barbet,train,4
xc783708_18269.wav,White-breasted Waterhen,train,9
xc986408_40063.wav,White-breasted Waterhen,train,9
xc723872_12318.wav,Spotted Dove,train,8
xc807231_25809.wav,Yellow-vented Bulbul,train,11
xc892778_2116.wav,Large-tailed Nightjar,train,5
xc810486_9121.wav,Common Tailorbird,train,3
xc943196_4867.wav,Coppersmith Barbet,train,4
xc35222_16204.wav,Coppersmith Barbet,train,4
xc460165_6836.wav,White-throated Kingfisher,train,10
xc286713_1562.wav,Collared Kingfisher,train,1
xc472611_16.wav,Large-tailed Nightjar,train,5
xc728919_3872.wav,Pied Fantail,train,7
xc86947_8959.wav,Collared Kingfisher,train,1
xc477125_22543.wav,Collared Kingfisher,train,1
xc754241_5054.wav,Coppersmith Barbet,train,4
xc1011129_9188.wav,Common Iora,train,2
xc723609_6976.wav,Yellow-vented Bulbul,train,11
xc797439_644.wav,White-breasted Waterhen,train,9
xc891369_15000.wav,Common Tailorbird,train,3
xc628835_2301.wav,Common Iora,train,2
xc171263_7273.wav,Common Tailorbird,train,3
xc125392_43668.wav,White-throated Kingfisher,train,10
xc710640_13037.wav,Spotted Dove,train,8
xc24608_5753.wav,Spotted Dove,train,8
xc204898_4315.wav,Collared Kingfisher,train,1
xc397623_2613.wav,Olive-backed Sunbird,train,6
xc904468_25519.wav,White-breasted Waterhen,train,9
xc151209_3341.wav,Large-tailed Nightjar,train,5
xc371664_46707.wav,Common Iora,train,2
xc369312_24727.wav,Coppersmith Barbet,train,4
xc766589_15779.wav,Spotted Dove,train,8
xc843501_27663.wav,Spotted Dove,train,8
xc809179_4050.wav,Large-tailed Nightjar,train,5
xc78434_13822.wav,Asian Koel,train,0
xc777287_3350.wav,Common Iora,train,2
xc756530_18861.wav,Pied Fantail,train,7
xc982016_883.wav,White-breasted Waterhen,train,9
xc209207_5253.wav,White-throated Kingfisher,train,10
xc183208_40208.wav,Spotted Dove,train,8
xc461218_40606.wav,Yellow-vented Bulbul,train,11
xc498803_26228.wav,White-throated Kingfisher,train,10
xc290555_12108.wav,Collared Kingfisher,train,1
xc937130_26713.wav,Pied Fantail,train,7
xc498803_7908.wav,White-throated Kingfisher,train,10
xc834667_33450.wav,Common Tailorbird,train,3
xc203463_18441.wav,Olive-backed Sunbird,train,6
xc594949_108562.wav,Asian Koel,train,0
xc356241_37797.wav,Collared Kingfisher,train,1
xc88720_1212.wav,Common Iora,train,2
xc897847_1098.wav,Common Tailorbird,train,3
xc167085_20516.wav,Yellow-vented Bulbul,train,11
xc856162_680.wav,Olive-backed Sunbird,train,6
xc956436_27872.wav,White-breasted Waterhen,train,9
xc1029034_5560.wav,Asian Koel,train,0
xc35733_53455.wav,Pied Fantail,train,7
xc813888_15115.wav,Common Iora,train,2
xc986141_1718.wav,Asian Koel,train,0
xc671783_0.wav,Yellow-vented Bulbul,train,11
xc311309_14715.wav,White-throated Kingfisher,train,10
xc809180_23475.wav,Large-tailed Nightjar,train,5
xc812737_4293.wav,Asian Koel,train,0
xc578352_15630.wav,Asian Koel,train,0
xc755258_25434.wav,Large-tailed Nightjar,train,5
xc530842_21836.wav,Coppersmith Barbet,train,4
xc955872_48530.wav,Olive-backed Sunbird,train,6
xc90768_15235.wav,Pied Fantail,train,7
xc761749_16507.wav,Large-tailed Nightjar,train,5
xc893348_24711.wav,Common Tailorbird,train,3
xc710634_16094.wav,Spotted Dove,train,8
xc578005_62.wav,Asian Koel,train,0
xc150431_14650.wav,Common Iora,train,2
xc79314_3186.wav,Collared Kingfisher,train,1
xc204552_9895.wav,Olive-backed Sunbird,train,6
xc115903_19161.wav,White-throated Kingfisher,train,10
xc908994_4529.wav,Common Iora,train,2
xc547506_8695.wav,White-throated Kingfisher,train,10
xc835177_24025.wav,Common Tailorbird,train,3
xc788042_11131.wav,Common Tailorbird,train,3
xc290760_468.wav,Pied Fantail,train,7
xc153788_0.wav,Common Iora,train,2
xc343310_7305.wav,Pied Fantail,train,7
xc862446_21000.wav,Olive-backed Sunbird,train,6
xc401927_255.wav,Yellow-vented Bulbul,train,11
xc871206_12000.wav,Common Tailorbird,train,3
xc804558_78010.wav,Collared Kingfisher,train,1
xc179229_51906.wav,Asian Koel,train,0
xc766589_34904.wav,Spotted Dove,train,8
xc297269_4976.wav,Common Iora,train,2
xc197869_12146.wav,Common Iora,train,2
xc286053_0.wav,White-breasted Waterhen,train,9
xc371664_52023.wav,Common Iora,train,2
xc995636_2055.wav,Asian Koel,train,0
xc460164_4694.wav,White-throated Kingfisher,train,10
xc919673_84162.wav,Common Tailorbird,train,3
xc788763_23259.wav,Yellow-vented Bulbul,train,11
xc297269_36817.wav,Common Iora,train,2
xc1071405_7346.wav,Asian Koel,train,0
xc151209_46.wav,Large-tailed Nightjar,train,5
xc723609_28.wav,Yellow-vented Bulbul,train,11
xc616994_605.wav,Asian Koel,train,0
xc1019750_4701.wav,Spotted Dove,train,8
xc841000_17062.wav,Olive-backed Sunbird,train,6
xc290553_7814.wav,Collared Kingfisher,train,1
xc954971_19381.wav,Coppersmith Barbet,train,4
xc362686_13532.wav,Large-tailed Nightjar,train,5
xc361795_37835.wav,Pied Fantail,train,7
xc1005524_521.wav,Collared Kingfisher,train,1
xc984319_21614.wav,Large-tailed Nightjar,train,5
xc203465_1752.wav,Olive-backed Sunbird,train,6
xc551671_3000.wav,White-throated Kingfisher,train,10
xc356241_50048.wav,Collared Kingfisher,train,1
xc553021_11677.wav,Pied Fantail,train,7
xc937130_19810.wav,Pied Fantail,train,7
xc938419_6201.wav,Olive-backed Sunbird,train,6
xc594951_62707.wav,Asian Koel,train,0
xc501340_12534.wav,White-throated Kingfisher,train,10
xc1030898_19342.wav,Spotted Dove,train,8
xc795095_21892.wav,Collared Kingfisher,train,1
xc842519_14212.wav,White-breasted Waterhen,train,9
xc209215_2513.wav,White-throated Kingfisher,train,10
xc727577_31471.wav,Spotted Dove,train,8
xc607345_16486.wav,Olive-backed Sunbird,train,6
xc786219_4685.wav,Spotted Dove,train,8
xc151134_9712.wav,Collared Kingfisher,train,1
xc829165_7644.wav,Common Tailorbird,train,3
xc998789_22083.wav,Common Tailorbird,train,3
xc343310_630.wav,Pied Fantail,train,7
xc365142_149380.wav,Large-tailed Nightjar,train,5
xc835409_21006.wav,Olive-backed Sunbird,train,6
xc646767_22084.wav,Spotted Dove,train,8
xc26251_40782.wav,Common Iora,train,2
xc871206_0.wav,Common Tailorbird,train,3
xc184289_32584.wav,Common Iora,train,2
xc151312_36698.wav,Common Iora,train,2
xc783708_21553.wav,White-breasted Waterhen,train,9
xc161223_8950.wav,White-throated Kingfisher,train,10
xc786219_49289.wav,Spotted Dove,train,8
xc835177_17679.wav,Common Tailorbird,train,3
xc978467_12437.wav,Collared Kingfisher,train,1
xc124350_9818.wav,Common Iora,train,2
xc845718_73102.wav,White-throated Kingfisher,train,10
xc203466_49951.wav,Olive-backed Sunbird,train,6
xc647854_19022.wav,Common Tailorbird,train,3
xc183486_72569.wav,Common Tailorbird,train,3
xc409379_1567.wav,Pied Fantail,train,7
xc954983_30161.wav,Yellow-vented Bulbul,train,11
xc895736_90532.wav,Pied Fantail,train,7
xc78435_66255.wav,Asian Koel,train,0
xc203466_56595.wav,Olive-backed Sunbird,train,6
xc311306_7709.wav,White-throated Kingfisher,train,10
xc94270_7330.wav,Pied Fantail,train,7
xc812737_1078.wav,Asian Koel,train,0
xc498807_48940.wav,White-throated Kingfisher,train,10
xc754354_19971.wav,Common Iora,train,2
xc942724_26016.wav,Pied Fantail,train,7
xc192031_20151.wav,Common Iora,train,2
xc956211_54047.wav,Asian Koel,train,0
xc754568_45291.wav,Olive-backed Sunbird,train,6
xc834669_71.wav,Common Tailorbird,train,3
xc962853_5611.wav,Coppersmith Barbet,train,4
xc952352_13576.wav,Coppersmith Barbet,train,4
xc1004365_23389.wav,Pied Fantail,train,7
xc184289_7138.wav,Common Iora,train,2
xc30042_36312.wav,Yellow-vented Bulbul,train,11
xc723978_29460.wav,Common Tailorbird,train,3
xc862837_5514.wav,Common Tailorbird,train,3
xc620130_139.wav,Coppersmith Barbet,train,4
xc365386_9306.wav,White-throated Kingfisher,train,10
xc461513_482.wav,Large-tailed Nightjar,train,5
xc121824_44034.wav,Collared Kingfisher,train,1
xc203463_39432.wav,Olive-backed Sunbird,train,6
xc904468_12279.wav,White-breasted Waterhen,train,9
xc371664_56229.wav,Common Iora,train,2
xc917586_3303.wav,Asian Koel,train,0
xc1049153_8051.wav,White-breasted Waterhen,train,9
xc812737_28151.wav,Asian Koel,train,0
xc356241_33739.wav,Collared Kingfisher,train,1
xc877678_18231.wav,Common Tailorbird,train,3
xc976113_15805.wav,Large-tailed Nightjar,train,5
xc787660_11288.wav,Common Tailorbird,train,3
xc88719_21036.wav,Common Iora,train,2
xc185772_48778.wav,Yellow-vented Bulbul,train,11
xc595428_4494.wav,Common Iora,train,2
xc369243_8784.wav,White-throated Kingfisher,train,10
xc207964_21716.wav,Olive-backed Sunbird,train,6
xc31621_37866.wav,White-throated Kingfisher,train,10
xc834670_38910.wav,Common Tailorbird,train,3
xc999942_70752.wav,Spotted Dove,train,8
xc1073418_6539.wav,White-breasted Waterhen,train,9
xc295874_105.wav,Large-tailed Nightjar,train,5
xc547506_17695.wav,White-throated Kingfisher,train,10
xc834667_67679.wav,Common Tailorbird,train,3
xc783719_5546.wav,Coppersmith Barbet,train,4
xc79567_2528.wav,White-throated Kingfisher,train,10
xc157442_311.wav,Pied Fantail,train,7
xc575951_99.wav,Large-tailed Nightjar,train,5
xc754241_47329.wav,Coppersmith Barbet,train,4
xc812731_34965.wav,Asian Koel,train,0
xc189420_7477.wav,Asian Koel,train,0
xc566252_4639.wav,Olive-backed Sunbird,train,6
xc161968_15274.wav,Asian Koel,train,0
xc171754_4794.wav,Large-tailed Nightjar,train,5
xc431502_8704.wav,White-throated Kingfisher,train,10
xc1071878_40100.wav,Pied Fantail,train,7
xc1041026_37499.wav,Asian Koel,train,0
xc1059444_12861.wav,Pied Fantail,train,7
xc956383_3218.wav,White-breasted Waterhen,train,9
xc208677_13285.wav,Spotted Dove,train,8
xc617140_26286.wav,Yellow-vented Bulbul,train,11
xc209538_23313.wav,White-throated Kingfisher,train,10
xc877678_14130.wav,Common Tailorbird,train,3
xc197605_1797.wav,White-throated Kingfisher,train,10
xc829396_60642.wav,Large-tailed Nightjar,train,5
xc595428_12858.wav,Common Iora,train,2
xc855225_155.wav,Pied Fantail,train,7
xc595461_28462.wav,Spotted Dove,train,8
xc897282_12629.wav,Coppersmith Barbet,train,4
xc630802_24739.wav,Pied Fantail,train,7
xc415477_402.wav,Yellow-vented Bulbul,train,11
xc998789_19078.wav,Common Tailorbird,train,3
xc311498_13186.wav,Spotted Dove,train,8
xc31621_379.wav,White-throated Kingfisher,train,10
xc893700_41858.wav,Collared Kingfisher,train,1
xc583144_12062.wav,White-breasted Waterhen,train,9
xc290641_15559.wav,Yellow-vented Bulbul,train,11
xc956404_26283.wav,White-breasted Waterhen,train,9
xc795095_4712.wav,Collared Kingfisher,train,1
xc102912_0.wav,White-breasted Waterhen,train,9
xc825797_14583.wav,Collared Kingfisher,train,1
xc213367_6805.wav,White-throated Kingfisher,train,10
xc805862_5745.wav,Collared Kingfisher,train,1
xc291729_8659.wav,Collared Kingfisher,train,1
xc657630_12218.wav,Large-tailed Nightjar,train,5
xc31621_56369.wav,White-throated Kingfisher,train,10
xc472611_28935.wav,Large-tailed Nightjar,train,5
xc710640_38003.wav,Spotted Dove,train,8
xc956442_50733.wav,White-breasted Waterhen,train,9
xc461513_6717.wav,Large-tailed Nightjar,train,5
xc185648_20924.wav,Spotted Dove,train,8
xc547505_24438.wav,Asian Koel,train,0
xc360058_14838.wav,Pied Fantail,train,7
xc507756_8715.wav,White-throated Kingfisher,train,10
xc531612_0.wav,Asian Koel,train,0
xc311306_10857.wav,White-throated Kingfisher,train,10
xc956355_597.wav,White-breasted Waterhen,train,9
xc804558_65757.wav,Collared Kingfisher,train,1
xc724411_23753.wav,White-breasted Waterhen,train,9
xc175830_46.wav,Asian Koel,train,0
xc879489_81600.wav,Spotted Dove,train,8
xc379921_3000.wav,Pied Fantail,train,7
xc157442_4706.wav,Pied Fantail,train,7
xc787531_417.wav,Pied Fantail,train,7
xc216876_789.wav,Common Iora,train,2
xc297269_33355.wav,Common Iora,train,2
xc761690_53979.wav,Asian Koel,train,0
xc501340_17197.wav,White-throated Kingfisher,train,10
xc348719_716.wav,Coppersmith Barbet,train,4
xc161163_9409.wav,Coppersmith Barbet,train,4
xc183486_53081.wav,Common Tailorbird,train,3
xc158456_44918.wav,Large-tailed Nightjar,train,5
xc835405_15.wav,Olive-backed Sunbird,train,6
xc369547_36135.wav,Spotted Dove,train,8
xc701873_14.wav,Coppersmith Barbet,train,4
xc311498_1423.wav,Spotted Dove,train,8
xc755258_34203.wav,Large-tailed Nightjar,train,5
xc810486_5707.wav,Common Tailorbird,train,3
xc956003_6000.wav,Common Tailorbird,train,3
xc327429_14599.wav,Pied Fantail,train,7
xc269430_0.wav,Olive-backed Sunbird,train,6
xc872918_6894.wav,Large-tailed Nightjar,train,5
xc369567_9832.wav,Collared Kingfisher,train,1
xc297269_20186.wav,Common Iora,train,2
xc841652_8293.wav,Asian Koel,train,0
xc883647_34966.wav,Large-tailed Nightjar,train,5
xc845311_6660.wav,White-breasted Waterhen,train,9
xc724405_12817.wav,White-breasted Waterhen,train,9
xc822911_42949.wav,Coppersmith Barbet,train,4
xc956375_2942.wav,White-breasted Waterhen,train,9
xc498802_19926.wav,White-throated Kingfisher,train,10
xc756624_14740.wav,Large-tailed Nightjar,train,5
xc952005_3885.wav,Coppersmith Barbet,train,4
xc621130_8167.wav,Pied Fantail,train,7
xc893700_37505.wav,Collared Kingfisher,train,1
xc1027177_26092.wav,White-breasted Waterhen,train,9
xc893312_4451.wav,Common Tailorbird,train,3
xc31621_32314.wav,White-throated Kingfisher,train,10
xc290529_17902.wav,Large-tailed Nightjar,train,5
xc209207_46843.wav,White-throated Kingfisher,train,10
xc788329_7741.wav,Common Iora,train,2
xc150003_3435.wav,Yellow-vented Bulbul,train,11
xc1038548_89365.wav,Pied Fantail,train,7
xc988109_4659.wav,Large-tailed Nightjar,train,5
xc46585_21905.wav,Yellow-vented Bulbul,train,11
xc777287_36042.wav,Common Iora,train,2
xc359295_16882.wav,Yellow-vented Bulbul,train,11
xc823277_71.wav,Collared Kingfisher,train,1
xc619291_2921.wav,Large-tailed Nightjar,train,5
xc621130_398.wav,Pied Fantail,train,7
xc959674_26288.wav,Olive-backed Sunbird,train,6
xc956442_60874.wav,White-breasted Waterhen,train,9
xc44805_21093.wav,Coppersmith Barbet,train,4
xc788037_29537.wav,Olive-backed Sunbird,train,6
xc290513_402.wav,Asian Koel,train,0
xc1051597_3872.wav,Collared Kingfisher,train,1
xc402013_27465.wav,Collared Kingfisher,train,1
xc616396_6000.wav,Olive-backed Sunbird,train,6
xc79566_3000.wav,White-throated Kingfisher,train,10
xc181995_10243.wav,White-throated Kingfisher,train,10
xc192037_15093.wav,Coppersmith Barbet,train,4
xc620131_186.wav,Coppersmith Barbet,train,4
xc841872_14782.wav,Spotted Dove,train,8
xc350597_0.wav,Yellow-vented Bulbul,train,11
xc29594_2282.wav,Asian Koel,train,0
xc766589_625.wav,Spotted Dove,train,8
xc40046_3232.wav,White-throated Kingfisher,train,10
xc757224_24860.wav,Spotted Dove,train,8
xc1071730_16876.wav,Large-tailed Nightjar,train,5
xc96542_318.wav,Common Iora,train,2
xc266132_0.wav,Yellow-vented Bulbul,train,11
xc295158_27577.wav,Collared Kingfisher,train,1
xc798838_3627.wav,Collared Kingfisher,train,1
xc403742_3423.wav,Coppersmith Barbet,train,4
xc575542_1214.wav,Pied Fantail,train,7
xc484953_38600.wav,Spotted Dove,train,8
xc616401_36989.wav,Yellow-vented Bulbul,train,11
xc183486_8784.wav,Common Tailorbird,train,3
xc188426_11818.wav,White-breasted Waterhen,train,9
xc150717_24000.wav,White-breasted Waterhen,train,9
xc25978_32244.wav,Large-tailed Nightjar,train,5
xc835386_27323.wav,Olive-backed Sunbird,train,6
xc537914_1657.wav,Pied Fantail,train,7
xc290530_3077.wav,Large-tailed Nightjar,train,5
xc518843_23980.wav,Asian Koel,train,0
xc955872_81549.wav,Olive-backed Sunbird,train,6
xc155937_3000.wav,Large-tailed Nightjar,train,5
xc162210_21930.wav,Coppersmith Barbet,train,4
xc862837_12489.wav,Common Tailorbird,train,3
xc723978_830.wav,Common Tailorbird,train,3
xc189420_10568.wav,Asian Koel,train,0
xc364385_18077.wav,Coppersmith Barbet,train,4
xc1030898_49919.wav,Spotted Dove,train,8
xc297269_14745.wav,Common Iora,train,2
xc892324_11990.wav,Olive-backed Sunbird,train,6
xc541306_25099.wav,Yellow-vented Bulbul,train,11
xc196584_15124.wav,Asian Koel,train,0
xc728919_9203.wav,Pied Fantail,train,7
xc1005485_1496.wav,Asian Koel,train,0
xc840318_1780.wav,Pied Fantail,train,7
xc783501_4416.wav,Olive-backed Sunbird,train,6
xc472569_12634.wav,White-breasted Waterhen,train,9
xc823426_54800.wav,Pied Fantail,train,7
xc976113_4096.wav,Large-tailed Nightjar,train,5
xc785098_30090.wav,Pied Fantail,train,7
xc150685_3000.wav,Yellow-vented Bulbul,train,11
xc290929_15695.wav,Olive-backed Sunbird,train,6
xc1077751_0.wav,Large-tailed Nightjar,train,5
xc761749_32019.wav,Large-tailed Nightjar,train,5
xc96538_9194.wav,Common Iora,train,2
xc862446_27000.wav,Olive-backed Sunbird,train,6
xc895678_79921.wav,Large-tailed Nightjar,train,5
xc1019750_19908.wav,Spotted Dove,train,8
xc311359_32473.wav,Coppersmith Barbet,train,4
xc622984_35114.wav,Coppersmith Barbet,train,4
xc304839_12800.wav,Coppersmith Barbet,train,4
xc343311_3000.wav,Pied Fantail,train,7
xc461218_24533.wav,Yellow-vented Bulbul,train,11
xc1019748_39866.wav,Spotted Dove,train,8
xc783708_0.wav,White-breasted Waterhen,train,9
xc25978_17382.wav,Large-tailed Nightjar,train,5
xc38505_0.wav,Common Iora,train,2
xc162859_0.wav,White-throated Kingfisher,train,10
xc88720_23737.wav,Common Iora,train,2
xc834665_11633.wav,Common Tailorbird,train,3
xc379921_0.wav,Pied Fantail,train,7
xc149689_6382.wav,Common Tailorbird,train,3
xc799302_22907.wav,Common Iora,train,2
xc820684_13006.wav,Large-tailed Nightjar,train,5
xc706576_29405.wav,Common Iora,train,2
xc125392_8487.wav,White-throated Kingfisher,train,10
xc829165_966.wav,Common Tailorbird,train,3
xc79567_29641.wav,White-throated Kingfisher,train,10
xc362686_26414.wav,Large-tailed Nightjar,train,5
xc151815_9000.wav,Collared Kingfisher,train,1
xc187343_53189.wav,Yellow-vented Bulbul,train,11
xc548744_499.wav,White-breasted Waterhen,train,9
xc491974_27621.wav,Large-tailed Nightjar,train,5
xc957165_9424.wav,Large-tailed Nightjar,train,5
xc88110_41827.wav,Spotted Dove,train,8
xc963967_25536.wav,Large-tailed Nightjar,train,5
xc657958_31450.wav,Common Tailorbird,train,3
xc914094_26276.wav,Coppersmith Barbet,train,4
xc859462_28576.wav,Collared Kingfisher,train,1
xc623017_10000.wav,Common Tailorbird,train,3
xc782697_7828.wav,Yellow-vented Bulbul,train,11
xc956442_124261.wav,White-breasted Waterhen,train,9
xc46585_61895.wav,Yellow-vented Bulbul,train,11
xc893119_30278.wav,Pied Fantail,train,7
xc86947_3216.wav,Collared Kingfisher,train,1
xc895678_3855.wav,Large-tailed Nightjar,train,5
xc649544_5605.wav,Pied Fantail,train,7
xc1075897_3000.wav,Collared Kingfisher,train,1
xc834666_27014.wav,Common Tailorbird,train,3
xc184289_25659.wav,Common Iora,train,2
xc441821_3509.wav,Spotted Dove,train,8
xc877987_4340.wav,Spotted Dove,train,8
xc842519_60619.wav,White-breasted Waterhen,train,9
xc756625_28.wav,Large-tailed Nightjar,train,5
xc161968_6840.wav,Asian Koel,train,0
xc841872_33683.wav,Spotted Dove,train,8
xc877678_804.wav,Common Tailorbird,train,3
xc616401_10843.wav,Yellow-vented Bulbul,train,11
xc858037_6421.wav,Yellow-vented Bulbul,train,11
xc976113_19827.wav,Large-tailed Nightjar,train,5
xc484953_19702.wav,Spotted Dove,train,8
xc843764_1522.wav,White-breasted Waterhen,train,9
xc72623_4392.wav,Yellow-vented Bulbul,train,11
xc845703_9112.wav,Olive-backed Sunbird,train,6
xc534568_20127.wav,Coppersmith Barbet,train,4
xc956404_40273.wav,White-breasted Waterhen,train,9
xc356320_21925.wav,Coppersmith Barbet,train,4
xc809146_48606.wav,Large-tailed Nightjar,train,5
xc351669_6557.wav,Large-tailed Nightjar,train,5
xc797439_24468.wav,White-breasted Waterhen,train,9
xc863037_0.wav,Spotted Dove,train,8
xc786219_38193.wav,Spotted Dove,train,8
xc124367_13253.wav,Large-tailed Nightjar,train,5
xc19647_6147.wav,Common Tailorbird,train,3
xc710640_40994.wav,Spotted Dove,train,8
xc555516_3340.wav,Coppersmith Barbet,train,4
xc187343_1014.wav,Yellow-vented Bulbul,train,11
xc580882_3046.wav,Yellow-vented Bulbul,train,11
xc1006365_7058.wav,Coppersmith Barbet,train,4
xc78434_1278.wav,Asian Koel,train,0
xc1030898_22353.wav,Spotted Dove,train,8
xc547501_11838.wav,White-throated Kingfisher,train,10
xc987419_17641.wav,White-throated Kingfisher,train,10
xc484451_37724.wav,Common Tailorbird,train,3
xc893119_39948.wav,Pied Fantail,train,7
xc823277_3071.wav,Collared Kingfisher,train,1
xc627998_7462.wav,Pied Fantail,train,7
xc472752_1052.wav,White-throated Kingfisher,train,10
xc995636_19603.wav,Asian Koel,train,0
xc744648_5128.wav,Yellow-vented Bulbul,train,11
xc809146_11274.wav,Large-tailed Nightjar,train,5
xc841872_60089.wav,Spotted Dove,train,8
xc184706_43817.wav,White-throated Kingfisher,train,10
xc956003_18181.wav,Common Tailorbird,train,3
xc209207_54708.wav,White-throated Kingfisher,train,10
xc956393_12819.wav,White-breasted Waterhen,train,9
xc186559_0.wav,Collared Kingfisher,train,1
xc879570_10715.wav,Common Tailorbird,train,3
xc843501_13654.wav,Spotted Dove,train,8
xc1005532_3062.wav,Collared Kingfisher,train,1
xc665384_19135.wav,Pied Fantail,train,7
xc711521_30482.wav,Common Iora,train,2
xc727577_2109.wav,Spotted Dove,train,8
xc879570_22593.wav,Common Tailorbird,train,3
xc619809_26955.wav,Collared Kingfisher,train,1
xc756625_39527.wav,Large-tailed Nightjar,train,5
xc113335_696.wav,Asian Koel,train,0
xc764945_164676.wav,White-breasted Waterhen,train,9
xc185772_26527.wav,Yellow-vented Bulbul,train,11
xc183208_22919.wav,Spotted Dove,train,8
xc732059_9881.wav,Spotted Dove,train,8
xc311309_7933.wav,White-throated Kingfisher,train,10
xc533623_31556.wav,White-throated Kingfisher,train,10
xc365384_9789.wav,Coppersmith Barbet,train,4
xc701873_14195.wav,Coppersmith Barbet,train,4
xc862837_1259.wav,Common Tailorbird,train,3
xc804558_81015.wav,Collared Kingfisher,train,1
xc809896_85961.wav,Large-tailed Nightjar,train,5
xc152652_23844.wav,White-breasted Waterhen,train,9
xc707529_19324.wav,Common Iora,train,2
xc621232_17997.wav,Collared Kingfisher,train,1
xc149307_674.wav,Common Tailorbird,train,3
xc825797_18801.wav,Collared Kingfisher,train,1
xc68678_33892.wav,Coppersmith Barbet,train,4
xc984006_3657.wav,White-breasted Waterhen,train,9
xc1009636_3411.wav,Coppersmith Barbet,train,4
xc79567_20979.wav,White-throated Kingfisher,train,10
xc591315_58283.wav,Asian Koel,train,0
xc919673_13094.wav,Common Tailorbird,train,3
xc1030898_12485.wav,Spotted Dove,train,8
xc937965_23909.wav,Yellow-vented Bulbul,train,11
xc187343_103742.wav,Yellow-vented Bulbul,train,11
xc290697_15580.wav,Common Tailorbird,train,3
xc162210_10115.wav,Coppersmith Barbet,train,4
xc46585_51395.wav,Yellow-vented Bulbul,train,11
xc161439_3000.wav,Coppersmith Barbet,train,4
xc152652_10987.wav,White-breasted Waterhen,train,9
xc498811_11142.wav,White-throated Kingfisher,train,10
xc895736_83792.wav,Pied Fantail,train,7
xc290513_3402.wav,Asian Koel,train,0
xc575559_32299.wav,Collared Kingfisher,train,1
xc956442_67041.wav,White-breasted Waterhen,train,9
xc892691_6502.wav,White-breasted Waterhen,train,9
xc105148_12449.wav,White-breasted Waterhen,train,9
xc952352_20970.wav,Coppersmith Barbet,train,4
xc291729_0.wav,Collared Kingfisher,train,1
xc786219_7686.wav,Spotted Dove,train,8
xc507734_14288.wav,Large-tailed Nightjar,train,5
xc177321_4655.wav,Collared Kingfisher,train,1
xc787542_31009.wav,Yellow-vented Bulbul,train,11
xc952348_24611.wav,Pied Fantail,train,7
xc812732_50312.wav,Asian Koel,train,0
xc68830_8610.wav,Olive-backed Sunbird,train,6
xc1030707_10243.wav,Common Tailorbird,train,3
xc622984_18000.wav,Coppersmith Barbet,train,4
xc818183_57871.wav,White-breasted Waterhen,train,9
xc73023_29776.wav,Asian Koel,train,0
xc797016_55433.wav,White-throated Kingfisher,train,10
xc725662_0.wav,Spotted Dove,train,8
xc839569_15677.wav,Spotted Dove,train,8
xc838780_1361.wav,Olive-backed Sunbird,train,6
xc879570_25593.wav,Common Tailorbird,train,3
xc710198_47506.wav,Common Iora,train,2
xc498806_7459.wav,White-throated Kingfisher,train,10
xc369314_17197.wav,Coppersmith Barbet,train,4
xc207243_0.wav,Common Iora,train,2
xc883918_19077.wav,Common Tailorbird,train,3
xc555515_60115.wav,Common Tailorbird,train,3
xc810642_2050.wav,Large-tailed Nightjar,train,5
xc161631_41783.wav,Yellow-vented Bulbul,train,11
xc788037_20537.wav,Olive-backed Sunbird,train,6
xc809052_3028.wav,Yellow-vented Bulbul,train,11
xc594949_17159.wav,Asian Koel,train,0
xc858215_3356.wav,Olive-backed Sunbird,train,6
xc773797_5380.wav,Spotted Dove,train,8
xc835177_7659.wav,Common Tailorbird,train,3
xc665274_52961.wav,Spotted Dove,train,8
xc956417_3218.wav,White-breasted Waterhen,train,9
xc897847_4098.wav,Common Tailorbird,train,3
xc788290_7061.wav,Spotted Dove,train,8
xc619116_36249.wav,Olive-backed Sunbird,train,6
xc616396_3000.wav,Olive-backed Sunbird,train,6
xc818183_17970.wav,White-breasted Waterhen,train,9
xc597124_6000.wav,Large-tailed Nightjar,train,5
xc879486_41687.wav,Spotted Dove,train,8
xc498810_7609.wav,White-throated Kingfisher,train,10
xc197869_4366.wav,Common Iora,train,2
xc845704_434.wav,Olive-backed Sunbird,train,6
xc1004382_30213.wav,Common Tailorbird,train,3
xc783842_193.wav,White-throated Kingfisher,train,10
xc776063_6563.wav,Spotted Dove,train,8
xc216930_0.wav,Pied Fantail,train,7
xc783708_6855.wav,White-breasted Waterhen,train,9
xc910592_3001.wav,White-breasted Waterhen,train,9
xc1079695_0.wav,Olive-backed Sunbird,train,6
xc161163_6300.wav,Coppersmith Barbet,train,4
xc73023_38469.wav,Asian Koel,train,0
xc377406_2632.wav,White-throated Kingfisher,train,10
xc88719_13445.wav,Common Iora,train,2
xc809896_119861.wav,Large-tailed Nightjar,train,5
xc845720_26466.wav,White-throated Kingfisher,train,10
xc786978_18959.wav,Common Tailorbird,train,3
xc720533_19973.wav,Asian Koel,train,0
xc1069336_4387.wav,Coppersmith Barbet,train,4
xc167082_1608.wav,Yellow-vented Bulbul,train,11
xc528823_4180.wav,Coppersmith Barbet,train,4
xc40038_9448.wav,Olive-backed Sunbird,train,6
xc426432_8290.wav,Large-tailed Nightjar,train,5
xc311313_6293.wav,White-throated Kingfisher,train,10
xc161477_506.wav,Common Iora,train,2
xc1029676_16697.wav,Common Iora,train,2
xc706576_17082.wav,Common Iora,train,2
xc155937_25890.wav,Large-tailed Nightjar,train,5
xc575542_74324.wav,Pied Fantail,train,7
xc24597_11100.wav,Spotted Dove,train,8
xc895678_22076.wav,Large-tailed Nightjar,train,5
xc802979_36140.wav,Yellow-vented Bulbul,train,11
xc621463_21033.wav,White-throated Kingfisher,train,10
xc88720_6165.wav,Common Iora,train,2
xc761749_1588.wav,Large-tailed Nightjar,train,5
xc883647_30858.wav,Large-tailed Nightjar,train,5
xc842516_12697.wav,Olive-backed Sunbird,train,6
xc472569_6634.wav,White-breasted Waterhen,train,9
xc862446_15000.wav,Olive-backed Sunbird,train,6
xc360039_13485.wav,Yellow-vented Bulbul,train,11
xc812737_22151.wav,Asian Koel,train,0
xc616402_19914.wav,Yellow-vented Bulbul,train,11
xc956409_10582.wav,White-breasted Waterhen,train,9
xc88719_811.wav,Common Iora,train,2
xc297269_54066.wav,Common Iora,train,2
xc194905_3994.wav,Asian Koel,train,0
xc513453_26917.wav,White-throated Kingfisher,train,10
xc166134_12812.wav,Coppersmith Barbet,train,4
xc209213_9946.wav,White-throated Kingfisher,train,10
xc857059_27045.wav,Coppersmith Barbet,train,4
xc785098_33090.wav,Pied Fantail,train,7
xc144356_1259.wav,Large-tailed Nightjar,train,5
xc1034184_7779.wav,Pied Fantail,train,7
xc168313_40999.wav,Large-tailed Nightjar,train,5
xc788037_17500.wav,Olive-backed Sunbird,train,6
xc68676_6943.wav,Coppersmith Barbet,train,4
xc205233_9541.wav,Coppersmith Barbet,train,4
xc788279_43.wav,Spotted Dove,train,8
xc999942_22238.wav,Spotted Dove,train,8
xc295158_30838.wav,Collared Kingfisher,train,1
xc204069_44653.wav,Yellow-vented Bulbul,train,11
xc829396_35151.wav,Large-tailed Nightjar,train,5
xc161631_48251.wav,Yellow-vented Bulbul,train,11
xc356320_2090.wav,Coppersmith Barbet,train,4
xc829165_4518.wav,Common Tailorbird,train,3
xc665274_13049.wav,Spotted Dove,train,8
xc359359_21120.wav,Coppersmith Barbet,train,4
xc198426_18472.wav,Common Iora,train,2
xc891472_1163.wav,Olive-backed Sunbird,train,6
xc332700_0.wav,Pied Fantail,train,7
xc397623_17398.wav,Olive-backed Sunbird,train,6
xc897847_7098.wav,Common Tailorbird,train,3
xc823277_9071.wav,Collared Kingfisher,train,1
xc797018_18129.wav,White-throated Kingfisher,train,10
xc1069346_9576.wav,Coppersmith Barbet,train,4
xc161477_30974.wav,Common Iora,train,2
xc896209_18628.wav,Collared Kingfisher,train,1
xc124350_30598.wav,Common Iora,train,2
xc582931_25889.wav,Pied Fantail,train,7
xc575542_22732.wav,Pied Fantail,train,7
xc756512_18372.wav,Yellow-vented Bulbul,train,11
xc944619_21204.wav,White-breasted Waterhen,train,9
xc1034181_18690.wav,Pied Fantail,train,7
xc68830_36908.wav,Olive-backed Sunbird,train,6
xc181991_25757.wav,Asian Koel,train,0
xc952348_12041.wav,Pied Fantail,train,7
xc810645_15526.wav,Large-tailed Nightjar,train,5
xc1005533_9021.wav,Collared Kingfisher,train,1
xc809713_14955.wav,Spotted Dove,train,8
xc621130_14458.wav,Pied Fantail,train,7
xc518843_6179.wav,Asian Koel,train,0
xc944621_11316.wav,White-breasted Waterhen,train,9
xc46585_33327.wav,Yellow-vented Bulbul,train,11
xc181995_7018.wav,White-throated Kingfisher,train,10
xc26251_8769.wav,Common Iora,train,2
xc764945_161186.wav,White-breasted Waterhen,train,9
xc68676_10427.wav,Coppersmith Barbet,train,4
xc840318_23594.wav,Pied Fantail,train,7
xc164693_24775.wav,Collared Kingfisher,train,1
xc269431_34851.wav,Olive-backed Sunbird,train,6
xc877987_32870.wav,Spotted Dove,train,8
xc986408_27907.wav,White-breasted Waterhen,train,9
xc24466_16469.wav,Pied Fantail,train,7
xc963804_5072.wav,Yellow-vented Bulbul,train,11
xc594951_46212.wav,Asian Koel,train,0
xc575557_213.wav,Collared Kingfisher,train,1
xc710635_21938.wav,Spotted Dove,train,8
xc205233_127.wav,Coppersmith Barbet,train,4
xc38821_21669.wav,Common Iora,train,2
xc461633_138.wav,Large-tailed Nightjar,train,5
xc501340_23370.wav,White-throated Kingfisher,train,10
xc823277_18071.wav,Collared Kingfisher,train,1
xc192179_1876.wav,Yellow-vented Bulbul,train,11
xc742601_16786.wav,Spotted Dove,train,8
xc369547_9773.wav,Spotted Dove,train,8
xc919673_70153.wav,Common Tailorbird,train,3
xc530839_6782.wav,Coppersmith Barbet,train,4
xc756430_2747.wav,Pied Fantail,train,7
xc477297_0.wav,White-throated Kingfisher,train,10
xc952005_33533.wav,Coppersmith Barbet,train,4
xc725662_8113.wav,Spotted Dove,train,8
xc369547_23992.wav,Spotted Dove,train,8
xc565732_15855.wav,White-throated Kingfisher,train,10
xc555515_107777.wav,Common Tailorbird,train,3
xc937630_13872.wav,Asian Koel,train,0
xc403727_1327.wav,Collared Kingfisher,train,1
xc810645_6352.wav,Large-tailed Nightjar,train,5
xc707529_10401.wav,Common Iora,train,2
xc959979_37674.wav,Large-tailed Nightjar,train,5
xc197838_6933.wav,Common Tailorbird,train,3
xc1019750_26675.wav,Spotted Dove,train,8
xc835177_35110.wav,Common Tailorbird,train,3
xc122982_5537.wav,Coppersmith Barbet,train,4
xc845706_46087.wav,Olive-backed Sunbird,train,6
xc999942_51474.wav,Spotted Dove,train,8
xc600906_6123.wav,Common Iora,train,2
xc946785_1163.wav,Common Tailorbird,train,3
xc944619_24216.wav,White-breasted Waterhen,train,9
xc984006_9549.wav,White-breasted Waterhen,train,9
xc841000_10786.wav,Olive-backed Sunbird,train,6
xc756510_41668.wav,Yellow-vented Bulbul,train,11
xc498803_12403.wav,White-throated Kingfisher,train,10
xc761690_1901.wav,Asian Koel,train,0
xc290930_38668.wav,Olive-backed Sunbird,train,6
xc151134_2999.wav,Collared Kingfisher,train,1
xc1019750_48372.wav,Spotted Dove,train,8
xc807231_19845.wav,Yellow-vented Bulbul,train,11
xc797016_45146.wav,White-throated Kingfisher,train,10
xc664308_43433.wav,Common Iora,train,2
xc620131_17228.wav,Coppersmith Barbet,train,4
xc79567_32656.wav,White-throated Kingfisher,train,10
xc1071730_887.wav,Large-tailed Nightjar,train,5
xc761690_6019.wav,Asian Koel,train,0
xc1071873_23330.wav,Pied Fantail,train,7
xc125392_13409.wav,White-throated Kingfisher,train,10
xc189123_11877.wav,White-throated Kingfisher,train,10
xc369566_3704.wav,Collared Kingfisher,train,1
xc484953_433.wav,Spotted Dove,train,8
xc311308_0.wav,White-throated Kingfisher,train,10
xc79567_5831.wav,White-throated Kingfisher,train,10
xc754359_11787.wav,Common Iora,train,2
xc472857_18749.wav,Common Tailorbird,train,3
xc783842_4307.wav,White-throated Kingfisher,train,10
xc190873_2728.wav,Asian Koel,train,0
xc167082_84134.wav,Yellow-vented Bulbul,train,11
xc385666_21242.wav,Common Tailorbird,train,3
xc88420_550.wav,Pied Fantail,train,7
xc649545_41025.wav,Pied Fantail,train,7
xc342489_6851.wav,Yellow-vented Bulbul,train,11
xc756510_31847.wav,Yellow-vented Bulbul,train,11
xc347594_21000.wav,White-throated Kingfisher,train,10
xc892825_17795.wav,Olive-backed Sunbird,train,6
xc192026_18421.wav,Collared Kingfisher,train,1
xc1005668_5196.wav,Common Tailorbird,train,3
xc607607_5227.wav,Yellow-vented Bulbul,train,11
xc183208_15318.wav,Spotted Dove,train,8
xc657630_219.wav,Large-tailed Nightjar,train,5
xc1073418_37090.wav,White-breasted Waterhen,train,9
xc400193_3388.wav,Asian Koel,train,0
xc426433_456.wav,Large-tailed Nightjar,train,5
xc553021_652.wav,Pied Fantail,train,7
xc919673_64358.wav,Common Tailorbird,train,3
xc986323_3258.wav,Common Iora,train,2
xc785098_20368.wav,Pied Fantail,train,7
xc353099_6820.wav,Large-tailed Nightjar,train,5
xc880658_17309.wav,Spotted Dove,train,8
xc474093_33508.wav,Spotted Dove,train,8
xc728919_0.wav,Pied Fantail,train,7
xc883918_23259.wav,Common Tailorbird,train,3
xc833521_1243.wav,Olive-backed Sunbird,train,6
xc1073418_12418.wav,White-breasted Waterhen,train,9
xc707552_2815.wav,White-breasted Waterhen,train,9
xc88110_9905.wav,Spotted Dove,train,8
xc941512_17486.wav,Large-tailed Nightjar,train,5
xc477311_495.wav,Yellow-vented Bulbul,train,11
xc802979_40018.wav,Yellow-vented Bulbul,train,11
xc940167_441.wav,Collared Kingfisher,train,1
xc161885_26459.wav,Yellow-vented Bulbul,train,11
xc68830_18437.wav,Olive-backed Sunbird,train,6
xc756625_10556.wav,Large-tailed Nightjar,train,5
xc369314_20425.wav,Coppersmith Barbet,train,4
xc184706_18116.wav,White-throated Kingfisher,train,10
xc240450_4479.wav,Pied Fantail,train,7
xc721346_7041.wav,Common Tailorbird,train,3
xc845702_6000.wav,Olive-backed Sunbird,train,6
xc1071873_26330.wav,Pied Fantail,train,7
xc956356_50596.wav,White-breasted Waterhen,train,9
xc1071878_44372.wav,Pied Fantail,train,7
xc236320_11692.wav,Common Iora,train,2
xc834666_12150.wav,Common Tailorbird,train,3
xc239282_11254.wav,Large-tailed Nightjar,train,5
xc125392_33652.wav,White-throated Kingfisher,train,10
xc192023_7957.wav,Collared Kingfisher,train,1
xc713871_7063.wav,Common Tailorbird,train,3
xc721346_3776.wav,Common Tailorbird,train,3
xc379921_10128.wav,Pied Fantail,train,7
xc151642_15357.wav,Collared Kingfisher,train,1
xc198428_0.wav,Common Iora,train,2
xc181995_19464.wav,White-throated Kingfisher,train,10
xc619116_22562.wav,Olive-backed Sunbird,train,6
xc284767_8373.wav,Common Iora,train,2
xc764945_116202.wav,White-breasted Waterhen,train,9
xc616396_24000.wav,Olive-backed Sunbird,train,6
xc528888_46137.wav,Coppersmith Barbet,train,4
xc721129_1435.wav,Spotted Dove,train,8
xc724405_29287.wav,White-breasted Waterhen,train,9
xc351669_15557.wav,Large-tailed Nightjar,train,5
xc518843_1012.wav,Asian Koel,train,0
xc343310_36104.wav,Pied Fantail,train,7
xc30000_11024.wav,Pied Fantail,train,7
xc213367_55751.wav,White-throated Kingfisher,train,10
xc845702_0.wav,Olive-backed Sunbird,train,6
xc59702_47338.wav,Yellow-vented Bulbul,train,11
xc664308_3809.wav,Common Iora,train,2
xc533623_9719.wav,White-throated Kingfisher,train,10
xc487799_621.wav,Yellow-vented Bulbul,train,11
xc799302_797.wav,Common Iora,train,2
xc963858_56556.wav,Asian Koel,train,0
xc688542_12114.wav,Spotted Dove,train,8
xc206552_433.wav,Spotted Dove,train,8
xc957377_7669.wav,Large-tailed Nightjar,train,5
xc883647_3874.wav,Large-tailed Nightjar,train,5
xc895678_9376.wav,Large-tailed Nightjar,train,5
xc845706_19050.wav,Olive-backed Sunbird,train,6
xc956391_26799.wav,White-breasted Waterhen,train,9
xc555515_24881.wav,Common Tailorbird,train,3
xc1002977_3000.wav,Collared Kingfisher,train,1
xc166758_186.wav,Olive-backed Sunbird,train,6
xc1027177_426.wav,White-breasted Waterhen,train,9
xc879489_8880.wav,Spotted Dove,train,8
xc314179_3867.wav,Yellow-vented Bulbul,train,11
xc575559_48142.wav,Collared Kingfisher,train,1
xc125392_36826.wav,White-throated Kingfisher,train,10
xc174840_4315.wav,Yellow-vented Bulbul,train,11
xc812732_269.wav,Asian Koel,train,0
xc1051085_14.wav,Pied Fantail,train,7
xc162210_6819.wav,Coppersmith Barbet,train,4
xc566252_1691.wav,Olive-backed Sunbird,train,6
xc1004382_9213.wav,Common Tailorbird,train,3
xc1073418_18805.wav,White-breasted Waterhen,train,9
xc709690_11954.wav,Common Tailorbird,train,3
xc839569_3839.wav,Spotted Dove,train,8
xc723872_0.wav,Spotted Dove,train,8
xc908994_7705.wav,Common Iora,train,2
xc942405_24231.wav,Pied Fantail,train,7
xc860813_10838.wav,Olive-backed Sunbird,train,6
xc491974_835.wav,Large-tailed Nightjar,train,5
xc88187_15563.wav,Olive-backed Sunbird,train,6
xc788037_26537.wav,Olive-backed Sunbird,train,6
xc73023_55403.wav,Asian Koel,train,0
xc150717_27000.wav,White-breasted Waterhen,train,9
xc843501_45238.wav,Spotted Dove,train,8
xc841000_23089.wav,Olive-backed Sunbird,train,6
xc447294_10564.wav,White-breasted Waterhen,train,9
xc124367_22640.wav,Large-tailed Nightjar,train,5
xc513453_12715.wav,White-throated Kingfisher,train,10
xc161631_9085.wav,Yellow-vented Bulbul,train,11
xc984900_7908.wav,Pied Fantail,train,7
xc381376_20907.wav,White-throated Kingfisher,train,10
xc736038_23571.wav,Spotted Dove,train,8
xc79567_8832.wav,White-throated Kingfisher,train,10
xc426433_6310.wav,Large-tailed Nightjar,train,5
xc498807_117.wav,White-throated Kingfisher,train,10
xc621232_12000.wav,Collared Kingfisher,train,1
xc987413_9000.wav,Common Tailorbird,train,3
xc988109_10886.wav,Large-tailed Nightjar,train,5
xc594950_3330.wav,Asian Koel,train,0
xc883918_16074.wav,Common Tailorbird,train,3
xc987413_949.wav,Common Tailorbird,train,3
xc151642_12333.wav,Collared Kingfisher,train,1
xc941512_22154.wav,Large-tailed Nightjar,train,5
xc787731_29756.wav,Yellow-vented Bulbul,train,11
xc184706_21116.wav,White-throated Kingfisher,train,10
xc710635_15938.wav,Spotted Dove,train,8
xc1002981_5193.wav,Coppersmith Barbet,train,4
xc875644_10183.wav,Coppersmith Barbet,train,4
xc902374_27425.wav,Common Iora,train,2
xc187343_30469.wav,Yellow-vented Bulbul,train,11
xc1038548_18098.wav,Pied Fantail,train,7
xc189420_21350.wav,Asian Koel,train,0
xc555515_47610.wav,Common Tailorbird,train,3
xc35733_41621.wav,Pied Fantail,train,7
xc38335_3738.wav,Asian Koel,train,0
xc622985_32176.wav,Coppersmith Barbet,train,4
xc753727_61152.wav,Asian Koel,val,0
xc845707_67106.wav,Olive-backed Sunbird,val,6
xc559648_8135.wav,White-throated Kingfisher,val,10
xc74828_3271.wav,White-throated Kingfisher,val,10
xc369310_7806.wav,Coppersmith Barbet,val,4
xc858894_8155.wav,Asian Koel,val,0
xc946362_0.wav,White-breasted Waterhen,val,9
xc956382_137.wav,White-breasted Waterhen,val,9
xc623018_44877.wav,Common Tailorbird,val,3
xc936180_31614.wav,Large-tailed Nightjar,val,5
xc152646_17963.wav,Pied Fantail,val,7
xc68671_34193.wav,Coppersmith Barbet,val,4
xc58970_10362.wav,Pied Fantail,val,7
xc802279_28175.wav,Common Iora,val,2
xc150955_25333.wav,Pied Fantail,val,7
xc778393_22912.wav,Large-tailed Nightjar,val,5
xc481276_11818.wav,Collared Kingfisher,val,1
xc29590_423.wav,Asian Koel,val,0
xc665481_41554.wav,Spotted Dove,val,8
xc125847_3564.wav,Common Iora,val,2
xc623018_3000.wav,Common Tailorbird,val,3
xc858220_4119.wav,Olive-backed Sunbird,val,6
xc541285_11301.wav,White-breasted Waterhen,val,9
xc447267_866.wav,Spotted Dove,val,8
xc964127_15888.wav,Coppersmith Barbet,val,4
xc41383_4253.wav,Yellow-vented Bulbul,val,11
xc892781_24399.wav,Large-tailed Nightjar,val,5
xc642353_6901.wav,Coppersmith Barbet,val,4
xc545686_88783.wav,White-throated Kingfisher,val,10
xc151304_23290.wav,Common Iora,val,2
xc957189_25798.wav,Large-tailed Nightjar,val,5
xc125847_0.wav,Common Iora,val,2
xc778393_5684.wav,Large-tailed Nightjar,val,5
xc204551_13839.wav,Olive-backed Sunbird,val,6
xc454040_20113.wav,Common Tailorbird,val,3
xc166760_9077.wav,Olive-backed Sunbird,val,6
xc498024_1635.wav,Yellow-vented Bulbul,val,11
xc239824_55185.wav,Yellow-vented Bulbul,val,11
xc956431_24610.wav,White-breasted Waterhen,val,9
xc181242_30167.wav,Collared Kingfisher,val,1
xc756488_8051.wav,Collared Kingfisher,val,1
xc963859_1236.wav,Asian Koel,val,0
xc78432_29869.wav,Asian Koel,val,0
xc88721_28156.wav,Common Iora,val,2
xc656017_24916.wav,Common Tailorbird,val,3
xc454040_1072.wav,Common Tailorbird,val,3
xc858894_1812.wav,Asian Koel,val,0
xc154583_12576.wav,Coppersmith Barbet,val,4
xc19639_4467.wav,Collared Kingfisher,val,1
xc601043_113.wav,Large-tailed Nightjar,val,5
xc756488_2295.wav,Collared Kingfisher,val,1
xc154583_9205.wav,Coppersmith Barbet,val,4
xc545686_79049.wav,White-throated Kingfisher,val,10
xc630801_59688.wav,Pied Fantail,val,7
xc936180_1179.wav,Large-tailed Nightjar,val,5
xc802279_16984.wav,Common Iora,val,2
xc152646_683.wav,Pied Fantail,val,7
xc447267_4841.wav,Spotted Dove,val,8
xc431504_10595.wav,White-throated Kingfisher,val,10
xc38333_294.wav,White-breasted Waterhen,val,9
xc491961_23242.wav,Yellow-vented Bulbul,val,11
xc730933_681.wav,Pied Fantail,val,7
xc36965_22901.wav,Collared Kingfisher,val,1
xc94269_0.wav,Pied Fantail,val,7
xc601043_11736.wav,Large-tailed Nightjar,val,5
xc1019752_119110.wav,Spotted Dove,val,8
xc58812_31101.wav,Common Iora,val,2
xc181242_3702.wav,Collared Kingfisher,val,1
xc1005490_5418.wav,Pied Fantail,val,7
xc630801_31879.wav,Pied Fantail,val,7
xc204551_6520.wav,Olive-backed Sunbird,val,6
xc150420_1262.wav,Olive-backed Sunbird,val,6
xc798675_1161.wav,Large-tailed Nightjar,val,5
xc498809_23770.wav,White-throated Kingfisher,val,10
xc454040_29524.wav,Common Tailorbird,val,3
xc294057_602.wav,Common Iora,val,2
xc778389_10066.wav,Spotted Dove,val,8
xc894014_7208.wav,Collared Kingfisher,val,1
xc778393_18380.wav,Large-tailed Nightjar,val,5
xc572499_9741.wav,Coppersmith Barbet,val,4
xc601043_7672.wav,Large-tailed Nightjar,val,5
xc304310_0.wav,Coppersmith Barbet,val,4
xc21571_0.wav,Spotted Dove,val,8
xc154583_3000.wav,Coppersmith Barbet,val,4
xc797017_156.wav,White-throated Kingfisher,val,10
xc29590_35263.wav,Asian Koel,val,0
xc78437_63484.wav,Yellow-vented Bulbul,val,11
xc1019752_160377.wav,Spotted Dove,val,8
xc730933_19081.wav,Pied Fantail,val,7
xc956373_4968.wav,White-breasted Waterhen,val,9
xc204551_17238.wav,Olive-backed Sunbird,val,6
xc78432_33201.wav,Asian Koel,val,0
xc804383_22136.wav,Spotted Dove,val,8
xc656017_12147.wav,Common Tailorbird,val,3
xc1075507_24312.wav,Large-tailed Nightjar,val,5
xc804383_10767.wav,Spotted Dove,val,8
xc942722_7913.wav,Coppersmith Barbet,val,4
xc216929_23799.wav,Pied Fantail,val,7
xc36965_13854.wav,Collared Kingfisher,val,1
xc498808_25624.wav,White-throated Kingfisher,val,10
xc956382_4581.wav,White-breasted Waterhen,val,9
xc665370_3000.wav,Yellow-vented Bulbul,val,11
xc858220_19782.wav,Olive-backed Sunbird,val,6
xc702460_13874.wav,Coppersmith Barbet,val,4
xc730878_20217.wav,Pied Fantail,val,7
xc894014_10208.wav,Collared Kingfisher,val,1
xc804383_25742.wav,Spotted Dove,val,8
xc810643_2054.wav,Large-tailed Nightjar,val,5
xc1078104_4904.wav,White-throated Kingfisher,val,10
xc19649_12000.wav,Coppersmith Barbet,val,4
xc41383_21914.wav,Yellow-vented Bulbul,val,11
xc1004381_10699.wav,Common Tailorbird,val,3
xc29590_96130.wav,Asian Koel,val,0
xc858894_4983.wav,Asian Koel,val,0
xc937313_663.wav,Common Tailorbird,val,3
xc166760_77.wav,Olive-backed Sunbird,val,6
xc601043_31454.wav,Large-tailed Nightjar,val,5
xc932207_9831.wav,Spotted Dove,val,8
xc936180_15231.wav,Large-tailed Nightjar,val,5
xc498808_62383.wav,White-throated Kingfisher,val,10
xc413677_984.wav,Collared Kingfisher,val,1
xc545686_14733.wav,White-throated Kingfisher,val,10
xc983625_6589.wav,Common Iora,val,2
xc397414_2450.wav,Pied Fantail,val,7
xc150420_23352.wav,Olive-backed Sunbird,val,6
xc778393_37449.wav,Large-tailed Nightjar,val,5
xc914180_18835.wav,Common Tailorbird,val,3
xc151304_40906.wav,Common Iora,val,2
xc630801_1210.wav,Pied Fantail,val,7
xc1004381_31699.wav,Common Tailorbird,val,3
xc156228_42223.wav,White-breasted Waterhen,val,9
xc785734_38170.wav,Common Tailorbird,val,3
xc456703_12031.wav,Yellow-vented Bulbul,val,11
xc318819_1776.wav,White-breasted Waterhen,val,9
xc447267_21365.wav,Spotted Dove,val,8
xc956433_32181.wav,White-breasted Waterhen,val,9
xc642353_11995.wav,Coppersmith Barbet,val,4
xc937313_6785.wav,Common Tailorbird,val,3
xc946362_9268.wav,White-breasted Waterhen,val,9
xc78432_25758.wav,Asian Koel,val,0
xc481276_4076.wav,Collared Kingfisher,val,1
xc445743_2391.wav,Yellow-vented Bulbul,val,11
xc454040_25033.wav,Common Tailorbird,val,3
xc301717_3000.wav,Asian Koel,val,0
xc162828_11996.wav,Asian Koel,val,0
xc58812_10536.wav,Common Iora,val,2
xc702460_7861.wav,Coppersmith Barbet,val,4
xc23969_6368.wav,Spotted Dove,val,8
xc956433_27577.wav,White-breasted Waterhen,val,9
xc936180_25847.wav,Large-tailed Nightjar,val,5
xc78436_4803.wav,Common Tailorbird,val,3
xc756488_51836.wav,Collared Kingfisher,val,1
xc239824_101765.wav,Yellow-vented Bulbul,val,11
xc1080608_32121.wav,Olive-backed Sunbird,val,6
xc162828_7801.wav,Asian Koel,val,0
xc151304_47153.wav,Common Iora,val,2
xc1004381_28699.wav,Common Tailorbird,val,3
xc559648_19513.wav,White-throated Kingfisher,val,10
xc957189_837.wav,Large-tailed Nightjar,val,5
xc152646_37689.wav,Pied Fantail,val,7
xc572499_416.wav,Coppersmith Barbet,val,4
xc956382_26887.wav,White-breasted Waterhen,val,9
xc656017_21623.wav,Common Tailorbird,val,3
xc845707_151089.wav,Olive-backed Sunbird,val,6
xc304310_3637.wav,Coppersmith Barbet,val,4
xc798675_22869.wav,Large-tailed Nightjar,val,5
xc756488_28504.wav,Collared Kingfisher,val,1
xc491961_8242.wav,Yellow-vented Bulbul,val,11
xc152646_24299.wav,Pied Fantail,val,7
xc741765_0.wav,White-breasted Waterhen,val,9
xc152646_14774.wav,Pied Fantail,val,7
xc498809_3000.wav,White-throated Kingfisher,val,10
xc23969_11466.wav,Spotted Dove,val,8
xc787552_12717.wav,Asian Koel,val,0
xc330496_1577.wav,Asian Koel,val,0
xc665481_13362.wav,Spotted Dove,val,8
xc545686_117664.wav,White-throated Kingfisher,val,10
xc778393_33644.wav,Large-tailed Nightjar,val,5
xc1075507_6769.wav,Large-tailed Nightjar,val,5
xc942722_4278.wav,Coppersmith Barbet,val,4
xc932207_22782.wav,Spotted Dove,val,8
xc957189_11968.wav,Large-tailed Nightjar,val,5
xc454040_11525.wav,Common Tailorbird,val,3
xc914180_191.wav,Common Tailorbird,val,3
xc190874_2452.wav,Asian Koel,val,0
xc447267_30682.wav,Spotted Dove,val,8
xc304310_14262.wav,Coppersmith Barbet,val,4
xc498809_36110.wav,White-throated Kingfisher,val,10
xc983625_50910.wav,Common Iora,val,2
xc623018_41881.wav,Common Tailorbird,val,3
xc78437_47056.wav,Yellow-vented Bulbul,val,11
xc785734_20120.wav,Common Tailorbird,val,3
xc964127_231.wav,Coppersmith Barbet,val,4
xc908924_3160.wav,Asian Koel,val,0
xc858220_7117.wav,Olive-backed Sunbird,val,6
xc545686_114666.wav,White-throated Kingfisher,val,10
xc778393_43046.wav,Large-tailed Nightjar,val,5
xc304181_6000.wav,White-throated Kingfisher,val,10
xc304181_3000.wav,White-throated Kingfisher,val,10
xc964127_20584.wav,Coppersmith Barbet,val,4
xc936180_5171.wav,Large-tailed Nightjar,val,5
xc804383_33862.wav,Spotted Dove,val,8
xc748015_492.wav,Collared Kingfisher,val,1
xc431504_6559.wav,White-throated Kingfisher,val,10
xc778389_667.wav,Spotted Dove,val,8
xc983625_22123.wav,Common Iora,val,2
xc798675_38837.wav,Large-tailed Nightjar,val,5
xc36965_7835.wav,Collared Kingfisher,val,1
xc447267_11784.wav,Spotted Dove,val,8
xc498808_43394.wav,White-throated Kingfisher,val,10
xc152646_21199.wav,Pied Fantail,val,7
xc983625_65893.wav,Common Iora,val,2
xc239824_68169.wav,Yellow-vented Bulbul,val,11
xc741765_16575.wav,White-breasted Waterhen,val,9
xc962771_0.wav,Coppersmith Barbet,val,4
xc623018_31142.wav,Common Tailorbird,val,3
xc778389_16004.wav,Spotted Dove,val,8
xc785734_32042.wav,Common Tailorbird,val,3
xc454040_37532.wav,Common Tailorbird,val,3
xc151304_37771.wav,Common Iora,val,2
xc360059_19484.wav,Pied Fantail,val,7
xc802279_34981.wav,Common Iora,val,2
xc498809_42640.wav,White-throated Kingfisher,val,10
xc845707_126852.wav,Olive-backed Sunbird,val,6
xc152646_34667.wav,Pied Fantail,val,7
xc983625_27690.wav,Common Iora,val,2
xc656017_18154.wav,Common Tailorbird,val,3
xc956433_6180.wav,White-breasted Waterhen,val,9
xc204551_10875.wav,Olive-backed Sunbird,val,6
xc498809_18334.wav,White-throated Kingfisher,val,10
xc58812_16520.wav,Common Iora,val,2
xc154583_6000.wav,Coppersmith Barbet,val,4
xc125847_11026.wav,Common Iora,val,2
xc438464_24259.wav,Olive-backed Sunbird,val,6
xc204535_4454.wav,Collared Kingfisher,val,1
xc778389_25190.wav,Spotted Dove,val,8
xc595460_14421.wav,Coppersmith Barbet,val,4
xc756488_39925.wav,Collared Kingfisher,val,1
xc612271_2159.wav,Large-tailed Nightjar,val,5
xc58812_24032.wav,Common Iora,val,2
xc179372_6114.wav,Collared Kingfisher,val,1
xc797017_14761.wav,White-throated Kingfisher,val,10
xc68671_13342.wav,Coppersmith Barbet,val,4
xc1005490_0.wav,Pied Fantail,val,7
xc1005490_11418.wav,Pied Fantail,val,7
xc413677_3984.wav,Collared Kingfisher,val,1
xc665370_15928.wav,Yellow-vented Bulbul,val,11
xc787552_31584.wav,Asian Koel,val,0
xc304181_0.wav,White-throated Kingfisher,val,10
xc741765_12860.wav,White-breasted Waterhen,val,9
xc360059_9708.wav,Pied Fantail,val,7
xc150420_36906.wav,Olive-backed Sunbird,val,6
xc601043_18951.wav,Large-tailed Nightjar,val,5
xc798675_16947.wav,Large-tailed Nightjar,val,5
xc94269_3893.wav,Pied Fantail,val,7
xc858894_26813.wav,Asian Koel,val,0
xc1004381_13699.wav,Common Tailorbird,val,3
xc702460_4436.wav,Coppersmith Barbet,val,4
xc957189_5139.wav,Large-tailed Nightjar,val,5
xc756521_10284.wav,Spotted Dove,val,8
xc498024_13099.wav,Yellow-vented Bulbul,val,11
xc956373_52217.wav,White-breasted Waterhen,val,9
xc1080608_3331.wav,Olive-backed Sunbird,val,6
xc58812_3059.wav,Common Iora,val,2
xc753727_1997.wav,Asian Koel,val,0
xc78432_113.wav,Asian Koel,val,0
xc623018_0.wav,Common Tailorbird,val,3
xc952351_3000.wav,Olive-backed Sunbird,val,6
xc753727_51898.wav,Asian Koel,val,0
xc1019752_106761.wav,Spotted Dove,val,8
xc304310_8632.wav,Coppersmith Barbet,val,4
xc630801_7140.wav,Pied Fantail,val,7
xc36965_10845.wav,Collared Kingfisher,val,1
xc762343_4028.wav,Collared Kingfisher,val,1
xc29590_49752.wav,Asian Koel,val,0
xc36965_31929.wav,Collared Kingfisher,val,1
xc762343_12881.wav,Collared Kingfisher,val,1
xc360059_1350.wav,Pied Fantail,val,7
xc78437_41395.wav,Yellow-vented Bulbul,val,11
xc748015_15510.wav,Collared Kingfisher,val,1
xc845707_20610.wav,Olive-backed Sunbird,val,6
xc21571_14808.wav,Spotted Dove,val,8
xc58970_3000.wav,Pied Fantail,val,7
xc892781_8873.wav,Large-tailed Nightjar,val,5
xc623018_35879.wav,Common Tailorbird,val,3
xc204551_387.wav,Olive-backed Sunbird,val,6
xc78437_66582.wav,Yellow-vented Bulbul,val,11
xc360059_46380.wav,Pied Fantail,val,7
xc952351_9001.wav,Olive-backed Sunbird,val,6
xc756521_24251.wav,Spotted Dove,val,8
xc858220_804.wav,Olive-backed Sunbird,val,6
xc454040_4509.wav,Common Tailorbird,val,3
xc802279_31493.wav,Common Iora,val,2
xc914180_12313.wav,Common Tailorbird,val,3
xc919520_1424.wav,Pied Fantail,val,7
xc932207_19606.wav,Spotted Dove,val,8
xc748015_5299.wav,Collared Kingfisher,val,1
xc19649_3000.wav,Coppersmith Barbet,val,4
xc756488_32753.wav,Collared Kingfisher,val,1
xc572499_6633.wav,Coppersmith Barbet,val,4
xc956373_35353.wav,White-breasted Waterhen,val,9
xc498024_39710.wav,Yellow-vented Bulbul,val,11
xc479829_3930.wav,White-breasted Waterhen,val,9
xc665481_44554.wav,Spotted Dove,val,8
xc150955_28333.wav,Pied Fantail,val,7
xc491961_17242.wav,Yellow-vented Bulbul,val,11
xc456703_1395.wav,Yellow-vented Bulbul,val,11
xc162828_4518.wav,Asian Koel,val,0
xc498808_8166.wav,White-throated Kingfisher,val,10
xc942722_1066.wav,Coppersmith Barbet,val,4
xc656017_39.wav,Common Tailorbird,val,3
xc856512_3000.wav,Spotted Dove,val,8
xc730933_10494.wav,Pied Fantail,val,7
xc1006787_226.wav,Asian Koel,val,0
xc956382_31668.wav,White-breasted Waterhen,val,9
xc207869_8738.wav,Common Iora,val,2
xc191870_55003.wav,Common Iora,val,2
xc456703_4533.wav,Yellow-vented Bulbul,val,11
xc722973_86.wav,Collared Kingfisher,val,1
xc29590_66284.wav,Asian Koel,val,0
xc892781_4879.wav,Large-tailed Nightjar,val,5
xc360059_38514.wav,Pied Fantail,val,7
xc481276_21164.wav,Collared Kingfisher,val,1
xc956373_18000.wav,White-breasted Waterhen,val,9
xc630801_51235.wav,Pied Fantail,val,7
xc301717_12000.wav,Asian Koel,val,0
xc88721_10251.wav,Common Iora,val,2
xc964127_5886.wav,Coppersmith Barbet,val,4
xc413677_6985.wav,Collared Kingfisher,val,1
xc318819_10776.wav,White-breasted Waterhen,val,9
xc190858_14.wav,White-breasted Waterhen,val,9
xc498808_5119.wav,White-throated Kingfisher,val,10
xc956373_8502.wav,White-breasted Waterhen,val,9
xc787552_18451.wav,Asian Koel,val,0
xc566244_4930.wav,Asian Koel,val,0
xc541285_8135.wav,White-breasted Waterhen,val,9
xc894014_22208.wav,Collared Kingfisher,val,1
xc858894_17427.wav,Asian Koel,val,0
xc797017_4915.wav,White-throated Kingfisher,val,10
xc438463_30517.wav,Olive-backed Sunbird,val,6
xc301717_15000.wav,Asian Koel,val,0
xc481276_18161.wav,Collared Kingfisher,val,1
xc804383_13918.wav,Spotted Dove,val,8
xc802279_6093.wav,Common Iora,val,2
xc956373_24000.wav,White-breasted Waterhen,val,9
xc498809_46482.wav,White-throated Kingfisher,val,10
xc204535_1454.wav,Collared Kingfisher,val,1
xc804383_6805.wav,Spotted Dove,val,8
xc810643_5099.wav,Large-tailed Nightjar,val,5
xc919520_8156.wav,Pied Fantail,val,7
xc58970_6000.wav,Pied Fantail,val,7
xc656017_27967.wav,Common Tailorbird,val,3
xc190858_22897.wav,White-breasted Waterhen,val,9
xc207869_3495.wav,Common Iora,val,2
xc936180_34682.wav,Large-tailed Nightjar,val,5
xc154583_0.wav,Coppersmith Barbet,val,4
xc204551_22089.wav,Olive-backed Sunbird,val,6
xc798675_28049.wav,Large-tailed Nightjar,val,5
xc216929_38920.wav,Pied Fantail,val,7
xc68671_24024.wav,Coppersmith Barbet,val,4
xc207869_0.wav,Common Iora,val,2
xc797017_8227.wav,White-throated Kingfisher,val,10
xc41383_27914.wav,Yellow-vented Bulbul,val,11
xc845707_1582.wav,Olive-backed Sunbird,val,6
xc19639_7560.wav,Collared Kingfisher,val,1
xc802279_23509.wav,Common Iora,val,2
xc190858_9051.wav,White-breasted Waterhen,val,9
xc932207_496.wav,Spotted Dove,val,8
xc190858_40321.wav,White-breasted Waterhen,val,9
xc914180_3197.wav,Common Tailorbird,val,3
xc454040_32593.wav,Common Tailorbird,val,3
xc19649_9000.wav,Coppersmith Barbet,val,4
xc545686_21819.wav,White-throated Kingfisher,val,10
xc152646_42891.wav,Pied Fantail,val,7
xc29590_121274.wav,Asian Koel,val,0
xc454040_16367.wav,Common Tailorbird,val,3
xc656017_8004.wav,Common Tailorbird,val,3
xc431504_0.wav,White-throated Kingfisher,val,10
xc191870_77471.wav,Common Iora,val,2
xc894014_13208.wav,Collared Kingfisher,val,1
xc724548_2465.wav,Collared Kingfisher,val,1
xc454040_7746.wav,Common Tailorbird,val,3
xc445743_7984.wav,Yellow-vented Bulbul,val,11
xc942722_14909.wav,Coppersmith Barbet,val,4
xc68672_14368.wav,Coppersmith Barbet,val,4
xc68671_9312.wav,Coppersmith Barbet,val,4
xc216929_13415.wav,Pied Fantail,val,7
xc762343_1028.wav,Collared Kingfisher,val,1
xc896469_11527.wav,Yellow-vented Bulbul,val,11
xc983625_46300.wav,Common Iora,val,2
xc21571_26549.wav,Spotted Dove,val,8
xc463124_0.wav,Coppersmith Barbet,val,4
xc804383_30354.wav,Spotted Dove,val,8
xc306378_0.wav,White-throated Kingfisher,val,10
xc438463_42192.wav,Olive-backed Sunbird,val,6
xc957189_8211.wav,Large-tailed Nightjar,val,5
xc946362_6225.wav,White-breasted Waterhen,val,9
xc595460_11169.wav,Coppersmith Barbet,val,4
xc463124_12074.wav,Coppersmith Barbet,val,4
xc630801_46111.wav,Pied Fantail,val,7
xc1075507_10570.wav,Large-tailed Nightjar,val,5
xc630801_17505.wav,Pied Fantail,val,7
xc498024_17695.wav,Yellow-vented Bulbul,val,11
xc68672_17355.wav,Coppersmith Barbet,val,4
xc810643_8280.wav,Large-tailed Nightjar,val,5
xc785734_27168.wav,Common Tailorbird,val,3
xc937313_9826.wav,Common Tailorbird,val,3
xc179372_114.wav,Collared Kingfisher,val,1
xc1004381_16699.wav,Common Tailorbird,val,3
xc19784_13104.wav,Olive-backed Sunbird,val,6
xc566244_15977.wav,Asian Koel,val,0
xc58970_0.wav,Pied Fantail,val,7
xc166760_41802.wav,Olive-backed Sunbird,val,6
xc952351_11999.wav,Olive-backed Sunbird,val,6
xc983625_35897.wav,Common Iora,val,2
xc741765_9723.wav,White-breasted Waterhen,val,9
xc166760_28888.wav,Olive-backed Sunbird,val,6
xc778393_1153.wav,Large-tailed Nightjar,val,5
xc601043_34575.wav,Large-tailed Nightjar,val,5
xc756488_18534.wav,Collared Kingfisher,val,1
xc190858_18819.wav,White-breasted Waterhen,val,9
xc630801_23815.wav,Pied Fantail,val,7
xc23969_3003.wav,Spotted Dove,val,8
xc787552_4886.wav,Asian Koel,val,0
xc498809_0.wav,White-throated Kingfisher,val,10
xc665370_0.wav,Yellow-vented Bulbul,val,11
xc656017_4359.wav,Common Tailorbird,val,3
xc156228_16854.wav,White-breasted Waterhen,val,9
xc78437_60429.wav,Yellow-vented Bulbul,val,11
xc753727_8939.wav,Asian Koel,val,0
xc68672_11391.wav,Coppersmith Barbet,val,4
xc1080608_12498.wav,Olive-backed Sunbird,val,6
xc156228_23189.wav,White-breasted Waterhen,val,9
xc656017_15184.wav,Common Tailorbird,val,3
xc858220_16534.wav,Olive-backed Sunbird,val,6
xc748015_26731.wav,Collared Kingfisher,val,1
xc936180_12077.wav,Large-tailed Nightjar,val,5
xc594968_6000.wav,Common Tailorbird,val,3
xc491961_26242.wav,Yellow-vented Bulbul,val,11
xc456703_9017.wav,Yellow-vented Bulbul,val,11
xc748015_10106.wav,Collared Kingfisher,val,1
xc162828_296.wav,Asian Koel,val,0
xc36965_927.wav,Collared Kingfisher,val,1
xc360059_41776.wav,Pied Fantail,val,7
xc919520_4942.wav,Pied Fantail,val,7
xc191870_60469.wav,Common Iora,val,2
xc162828_20482.wav,Asian Koel,val,0
xc937313_3673.wav,Common Tailorbird,val,3
xc498024_30417.wav,Yellow-vented Bulbul,val,11
xc23969_0.wav,Spotted Dove,val,8
xc753727_17582.wav,Asian Koel,val,0
xc38333_3294.wav,White-breasted Waterhen,val,9
xc785734_6295.wav,Common Tailorbird,val,3
xc239824_93109.wav,Yellow-vented Bulbul,val,11
xc956335_12294.wav,White-breasted Waterhen,val,9
xc630801_11575.wav,Pied Fantail,val,7
xc753727_29113.wav,Asian Koel,val,0
xc566244_24753.wav,Asian Koel,val,0
xc166760_25888.wav,Olive-backed Sunbird,val,6
xc151304_31747.wav,Common Iora,val,2
xc88721_3306.wav,Common Iora,val,2
xc964127_33215.wav,Coppersmith Barbet,val,4
xc191870_64932.wav,Common Iora,val,2
xc601043_22349.wav,Large-tailed Nightjar,val,5
xc152646_8569.wav,Pied Fantail,val,7
xc68672_8312.wav,Coppersmith Barbet,val,4
xc36965_28920.wav,Collared Kingfisher,val,1
xc787552_8986.wav,Asian Koel,val,0
xc724548_5556.wav,Collared Kingfisher,val,1
xc369310_4372.wav,Coppersmith Barbet,val,4
xc957189_29305.wav,Large-tailed Nightjar,val,5
xc369310_10846.wav,Coppersmith Barbet,val,4
xc545686_70255.wav,White-throated Kingfisher,val,10
xc162828_26597.wav,Asian Koel,val,0
xc919520_12491.wav,Pied Fantail,val,7
xc150955_7812.wav,Pied Fantail,val,7
xc498809_28865.wav,White-throated Kingfisher,val,10
xc304181_12000.wav,White-throated Kingfisher,val,10
xc804383_3134.wav,Spotted Dove,val,8
xc68671_4718.wav,Coppersmith Barbet,val,4
xc730878_788.wav,Pied Fantail,val,7
xc498024_26455.wav,Yellow-vented Bulbul,val,11
xc1005490_8418.wav,Pied Fantail,val,7
xc481276_7763.wav,Collared Kingfisher,val,1
xc936180_45546.wav,Large-tailed Nightjar,val,5
xc936180_8967.wav,Large-tailed Nightjar,val,5
xc802279_9584.wav,Common Iora,val,2
xc36965_25910.wav,Collared Kingfisher,val,1
xc78432_15032.wav,Asian Koel,val,0
xc748015_21146.wav,Collared Kingfisher,val,1
xc545686_60045.wav,White-throated Kingfisher,val,10
xc503457_681.wav,Pied Fantail,val,7
xc456703_26605.wav,Yellow-vented Bulbul,val,11
xc665481_4013.wav,Spotted Dove,val,8
xc952351_6000.wav,Olive-backed Sunbird,val,6
xc369310_698.wav,Coppersmith Barbet,val,4
xc150420_54788.wav,Olive-backed Sunbird,val,6
xc191870_384.wav,Common Iora,val,2
xc957189_14984.wav,Large-tailed Nightjar,val,5
xc963859_5423.wav,Asian Koel,val,0
xc191870_25256.wav,Common Iora,val,2
xc956433_2745.wav,White-breasted Waterhen,val,9
xc630801_66417.wav,Pied Fantail,val,7
xc21571_4936.wav,Spotted Dove,val,8
xc785734_23898.wav,Common Tailorbird,val,3
xc1078104_11028.wav,White-throated Kingfisher,val,10
xc151304_34748.wav,Common Iora,val,2
xc68671_28470.wav,Coppersmith Barbet,val,4
xc572499_12792.wav,Coppersmith Barbet,val,4
xc778393_28405.wav,Large-tailed Nightjar,val,5
xc21571_21856.wav,Spotted Dove,val,8
xc559648_16096.wav,White-throated Kingfisher,val,10
xc491961_20242.wav,Yellow-vented Bulbul,val,11
xc498808_30914.wav,White-throated Kingfisher,val,10
xc665481_10362.wav,Spotted Dove,val,8
xc722973_3164.wav,Collared Kingfisher,val,1
xc447267_25749.wav,Spotted Dove,val,8
xc914180_6198.wav,Common Tailorbird,val,3
xc36965_16863.wav,Collared Kingfisher,val,1
xc845707_104188.wav,Olive-backed Sunbird,val,6
xc778389_41693.wav,Spotted Dove,val,8
xc665481_1012.wav,Spotted Dove,val,8
xc914180_15613.wav,Common Tailorbird,val,3
xc858220_10474.wav,Olive-backed Sunbird,val,6
xc896469_752.wav,Yellow-vented Bulbul,val,11
xc956433_36297.wav,White-breasted Waterhen,val,9
xc19784_387.wav,Olive-backed Sunbird,val,6
xc892781_28719.wav,Large-tailed Nightjar,val,5
xc1004381_7144.wav,Common Tailorbird,val,3
xc804383_0.wav,Spotted Dove,val,8
xc545686_30214.wav,White-throated Kingfisher,val,10
xc559648_5099.wav,White-throated Kingfisher,val,10
xc41383_18914.wav,Yellow-vented Bulbul,val,11
xc756488_57043.wav,Collared Kingfisher,val,1
xc68671_19470.wav,Coppersmith Barbet,val,4
xc191870_14241.wav,Common Iora,val,2
xc491961_29242.wav,Yellow-vented Bulbul,val,11
xc892781_20683.wav,Large-tailed Nightjar,val,5
xc36965_4390.wav,Collared Kingfisher,val,1
xc785734_2342.wav,Common Tailorbird,val,3
xc914180_21836.wav,Common Tailorbird,val,3
xc438464_12925.wav,Olive-backed Sunbird,val,6
xc946362_3212.wav,White-breasted Waterhen,val,9
xc151304_8848.wav,Common Iora,val,2
xc572499_3529.wav,Coppersmith Barbet,val,4
xc156228_29051.wav,White-breasted Waterhen,val,9
xc1075507_29829.wav,Large-tailed Nightjar,val,5
xc601043_15381.wav,Large-tailed Nightjar,val,5
xc983625_11348.wav,Common Iora,val,2
xc41383_13253.wav,Yellow-vented Bulbul,val,11
xc166760_12077.wav,Olive-backed Sunbird,val,6
xc150955_31333.wav,Pied Fantail,val,7
xc491961_11242.wav,Yellow-vented Bulbul,val,11
xc156228_46082.wav,White-breasted Waterhen,val,9
xc594968_0.wav,Common Tailorbird,val,3
xc19649_0.wav,Coppersmith Barbet,val,4
xc797017_21091.wav,White-throated Kingfisher,val,10
xc845707_52082.wav,Olive-backed Sunbird,val,6
xc892781_696.wav,Large-tailed Nightjar,val,5
xc1004381_3836.wav,Common Tailorbird,val,3
xc956373_43587.wav,White-breasted Waterhen,val,9
xc595460_583.wav,Coppersmith Barbet,val,4
xc191870_69204.wav,Common Iora,val,2
xc294057_18358.wav,Common Iora,val,2
xc29590_6541.wav,Asian Koel,val,0
xc956431_20296.wav,White-breasted Waterhen,val,9
xc41383_1253.wav,Yellow-vented Bulbul,val,11
xc798675_5389.wav,Large-tailed Nightjar,val,5
xc150420_15913.wav,Olive-backed Sunbird,val,6
xc1078104_1899.wav,White-throated Kingfisher,val,10
xc1080608_28743.wav,Olive-backed Sunbird,val,6
xc29590_74435.wav,Asian Koel,val,0
xc642353_0.wav,Coppersmith Barbet,val,4
xc162828_17482.wav,Asian Koel,val,0
xc438463_34551.wav,Olive-backed Sunbird,val,6
xc463124_9070.wav,Coppersmith Barbet,val,4
xc623018_8475.wav,Common Tailorbird,val,3
xc166760_22888.wav,Olive-backed Sunbird,val,6
xc78432_21333.wav,Asian Koel,val,0
xc665481_35964.wav,Spotted Dove,val,8
xc936180_40453.wav,Large-tailed Nightjar,val,5
xc956373_31371.wav,White-breasted Waterhen,val,9
xc301717_9000.wav,Asian Koel,val,0
xc1019752_147690.wav,Spotted Dove,val,8
xc41383_24914.wav,Yellow-vented Bulbul,val,11
xc778389_20296.wav,Spotted Dove,val,8
xc778393_10602.wav,Large-tailed Nightjar,val,5
xc151304_26455.wav,Common Iora,val,2
xc802279_39220.wav,Common Iora,val,2
xc1019752_134781.wav,Spotted Dove,val,8
xc447267_8251.wav,Spotted Dove,val,8
xc360059_65280.wav,Pied Fantail,val,7
xc741765_4612.wav,White-breasted Waterhen,val,9
xc239824_46293.wav,Yellow-vented Bulbul,val,11
xc78437_28710.wav,Yellow-vented Bulbul,val,11
xc952351_0.wav,Olive-backed Sunbird,val,6
xc78437_32257.wav,Yellow-vented Bulbul,val,11
xc190858_13801.wav,White-breasted Waterhen,val,9
xc1019752_64195.wav,Spotted Dove,val,8
xc150955_0.wav,Pied Fantail,val,7
xc762343_18297.wav,Collared Kingfisher,val,1
xc756488_24119.wav,Collared Kingfisher,val,1
xc150420_43638.wav,Olive-backed Sunbird,val,6
xc942722_11824.wav,Coppersmith Barbet,val,4
xc304181_9000.wav,White-throated Kingfisher,val,10
xc29590_9541.wav,Asian Koel,val,0
xc623018_38876.wav,Common Tailorbird,val,3
xc239824_16215.wav,Yellow-vented Bulbul,val,11
xc785734_15302.wav,Common Tailorbird,val,3
xc78437_6077.wav,Yellow-vented Bulbul,val,11
xc19784_5728.wav,Olive-backed Sunbird,val,6
xc239824_33783.wav,Yellow-vented Bulbul,val,11
xc166760_3077.wav,Olive-backed Sunbird,val,6
xc78437_57404.wav,Yellow-vented Bulbul,val,11
xc797017_11226.wav,White-throated Kingfisher,val,10
xc1004381_19699.wav,Common Tailorbird,val,3
xc204551_25089.wav,Olive-backed Sunbird,val,6
xc181242_33159.wav,Collared Kingfisher,val,1
xc1005490_21528.wav,Pied Fantail,val,7
xc301717_6000.wav,Asian Koel,val,0
xc730933_51023.wav,Pied Fantail,val,7
xc545686_8446.wav,White-throated Kingfisher,val,10
xc956335_192.wav,White-breasted Waterhen,val,9
xc216929_0.wav,Pied Fantail,val,7
xc601043_28351.wav,Large-tailed Nightjar,val,5
xc304310_19096.wav,Coppersmith Barbet,val,4
xc456703_20438.wav,Yellow-vented Bulbul,val,11
xc762343_7678.wav,Collared Kingfisher,val,1
xc956433_47284.wav,White-breasted Waterhen,val,9
xc932207_12836.wav,Spotted Dove,val,8
xc498808_33914.wav,White-throated Kingfisher,val,10
xc892781_15741.wav,Large-tailed Nightjar,val,5
xc498808_17823.wav,White-throated Kingfisher,val,10
xc957189_18029.wav,Large-tailed Nightjar,val,5
xc151304_3979.wav,Common Iora,val,2
xc964127_12218.wav,Coppersmith Barbet,val,4
xc856512_0.wav,Spotted Dove,val,8
xc19649_6000.wav,Coppersmith Barbet,val,4
xc431504_3378.wav,White-throated Kingfisher,val,10
xc360059_58496.wav,Pied Fantail,val,7
xc956382_8962.wav,White-breasted Waterhen,val,9
xc937313_18326.wav,Common Tailorbird,val,3
xc498808_40379.wav,White-throated Kingfisher,val,10
xc29590_46752.wav,Asian Koel,val,0
xc798675_12986.wav,Large-tailed Nightjar,val,5
xc301717_0.wav,Asian Koel,val,0
xc294057_15020.wav,Common Iora,val,2
xc191870_33153.wav,Common Iora,val,2
xc858894_20680.wav,Asian Koel,val,0
xc956335_6450.wav,White-breasted Waterhen,val,9
xc964127_26883.wav,Coppersmith Barbet,val,4
xc956382_13470.wav,White-breasted Waterhen,val,9
xc498808_0.wav,White-throated Kingfisher,val,10
xc498809_10898.wav,White-throated Kingfisher,val,10
xc360059_32780.wav,Pied Fantail,val,7
xc702460_849.wav,Coppersmith Barbet,val,4
xc642353_16952.wav,Coppersmith Barbet,val,4
xc190858_3755.wav,White-breasted Waterhen,val,9
xc559648_22722.wav,White-throated Kingfisher,val,10
xc946362_14449.wav,White-breasted Waterhen,val,9
xc301717_18000.wav,Asian Koel,val,0
xc559648_27162.wav,White-throated Kingfisher,val,10
xc730933_30036.wav,Pied Fantail,val,7
xc166760_16888.wav,Olive-backed Sunbird,val,6
xc956431_12051.wav,White-breasted Waterhen,val,9
xc491961_14242.wav,Yellow-vented Bulbul,val,11
xc983625_2575.wav,Common Iora,val,2
xc318819_7776.wav,White-breasted Waterhen,val,9
xc239824_117348.wav,Yellow-vented Bulbul,val,11
xc1004381_25699.wav,Common Tailorbird,val,3
xc41383_10253.wav,Yellow-vented Bulbul,val,11
xc665481_32964.wav,Spotted Dove,val,8
xc756488_47108.wav,Collared Kingfisher,val,1
xc802279_46183.wav,Common Iora,val,2
xc318819_4776.wav,White-breasted Waterhen,val,9
xc498024_42860.wav,Yellow-vented Bulbul,val,11
xc642353_3526.wav,Coppersmith Barbet,val,4
xc722973_6824.wav,Collared Kingfisher,val,1
xc730878_10505.wav,Pied Fantail,val,7
xc956382_22517.wav,White-breasted Waterhen,val,9
xc798675_9320.wav,Large-tailed Nightjar,val,5
xc498024_23384.wav,Yellow-vented Bulbul,val,11
xc438463_23243.wav,Olive-backed Sunbird,val,6
xc239824_24230.wav,Yellow-vented Bulbul,val,11
xc438464_20054.wav,Olive-backed Sunbird,val,6
xc179372_3114.wav,Collared Kingfisher,val,1
xc191870_90982.wav,Common Iora,val,2
xc778393_14348.wav,Large-tailed Nightjar,val,5
xc601043_4347.wav,Large-tailed Nightjar,val,5
xc498809_31892.wav,White-throated Kingfisher,val,10
xc914180_9204.wav,Common Tailorbird,val,3
xc1004381_22699.wav,Common Tailorbird,val,3
xc207869_15797.wav,Common Iora,val,2
xc239824_81265.wav,Yellow-vented Bulbul,val,11
xc19639_1454.wav,Collared Kingfisher,val,1
xc983625_16664.wav,Common Iora,val,2
xc956382_18000.wav,White-breasted Waterhen,val,9
xc845707_140151.wav,Olive-backed Sunbird,val,6
xc78432_6878.wav,Asian Koel,val,0
xc1080608_18582.wav,Olive-backed Sunbird,val,6
xc858894_23754.wav,Asian Koel,val,0
xc802279_13573.wav,Common Iora,val,2
xc778389_29765.wav,Spotted Dove,val,8
xc858220_13525.wav,Olive-backed Sunbird,val,6
xc463124_6066.wav,Coppersmith Barbet,val,4
xc1019752_13786.wav,Spotted Dove,val,8
xc78437_3076.wav,Yellow-vented Bulbul,val,11
xc481276_0.wav,Collared Kingfisher,val,1
xc21571_32321.wav,Spotted Dove,val,8
xc730933_39945.wav,Pied Fantail,val,7
xc88721_19233.wav,Common Iora,val,2
xc456703_17428.wav,Yellow-vented Bulbul,val,11
xc166760_6077.wav,Olive-backed Sunbird,val,6
xc360059_6682.wav,Pied Fantail,val,7
xc304181_15000.wav,White-throated Kingfisher,val,10
xc956335_3317.wav,White-breasted Waterhen,val,9
xc559648_13095.wav,White-throated Kingfisher,val,10
xc1019752_37830.wav,Spotted Dove,val,8
xc788672_12063.wav,Asian Koel,test,0
xc460175_16747.wav,Common Tailorbird,test,3
xc507753_18743.wav,Coppersmith Barbet,test,4
xc69653_16852.wav,Collared Kingfisher,test,1
xc151135_23667.wav,Collared Kingfisher,test,1
xc362355_14312.wav,Coppersmith Barbet,test,4
xc834664_3739.wav,Common Tailorbird,test,3
xc834664_85381.wav,Common Tailorbird,test,3
xc192034_6283.wav,Common Iora,test,2
xc756514_27028.wav,Yellow-vented Bulbul,test,11
xc646768_8320.wav,Spotted Dove,test,8
xc107387_15834.wav,White-throated Kingfisher,test,10
xc783972_40791.wav,Spotted Dove,test,8
xc938720_6015.wav,Olive-backed Sunbird,test,6
xc598139_14782.wav,Collared Kingfisher,test,1
xc897997_27000.wav,Common Tailorbird,test,3
xc399064_60060.wav,Pied Fantail,test,7
xc460175_4141.wav,Common Tailorbird,test,3
xc646768_23175.wav,Spotted Dove,test,8
xc359360_26878.wav,Pied Fantail,test,7
xc892924_33730.wav,Pied Fantail,test,7
xc491960_5527.wav,Yellow-vented Bulbul,test,11
xc94171_36706.wav,Large-tailed Nightjar,test,5
xc94171_16486.wav,Large-tailed Nightjar,test,5
xc978648_11236.wav,Spotted Dove,test,8
xc895676_5562.wav,Large-tailed Nightjar,test,5
xc44845_3845.wav,Coppersmith Barbet,test,4
xc23897_65303.wav,Pied Fantail,test,7
xc937959_71.wav,Yellow-vented Bulbul,test,11
xc177320_16934.wav,Collared Kingfisher,test,1
xc400194_686.wav,Asian Koel,test,0
xc746297_34006.wav,Olive-backed Sunbird,test,6
xc941384_28117.wav,Coppersmith Barbet,test,4
xc788672_17036.wav,Asian Koel,test,0
xc956424_24455.wav,White-breasted Waterhen,test,9
xc319817_11166.wav,White-throated Kingfisher,test,10
xc780998_1706.wav,Pied Fantail,test,7
xc359360_688.wav,Pied Fantail,test,7
xc491960_33048.wav,Yellow-vented Bulbul,test,11
xc938746_53071.wav,Pied Fantail,test,7
xc94171_28115.wav,Large-tailed Nightjar,test,5
xc789091_6440.wav,Coppersmith Barbet,test,4
xc999426_12521.wav,Common Iora,test,2
xc783972_32863.wav,Spotted Dove,test,8
xc598139_387.wav,Collared Kingfisher,test,1
xc810644_2510.wav,Large-tailed Nightjar,test,5
xc788672_4991.wav,Asian Koel,test,0
xc711892_9528.wav,White-breasted Waterhen,test,9
xc400194_7636.wav,Asian Koel,test,0
xc810644_11958.wav,Large-tailed Nightjar,test,5
xc879487_188.wav,Spotted Dove,test,8
xc764942_42354.wav,White-breasted Waterhen,test,9
xc53860_1003.wav,Coppersmith Barbet,test,4
xc359636_12603.wav,Olive-backed Sunbird,test,6
xc864598_51317.wav,Common Tailorbird,test,3
xc23824_15295.wav,Spotted Dove,test,8
xc305691_4165.wav,Asian Koel,test,0
xc69653_1898.wav,Collared Kingfisher,test,1
xc764942_23105.wav,White-breasted Waterhen,test,9
xc442340_3868.wav,Common Tailorbird,test,3
xc620132_580.wav,Coppersmith Barbet,test,4
xc809701_3820.wav,Large-tailed Nightjar,test,5
xc23897_3405.wav,Pied Fantail,test,7
xc999426_0.wav,Common Iora,test,2
xc53860_13754.wav,Coppersmith Barbet,test,4
xc1070498_17723.wav,Olive-backed Sunbird,test,6
xc923018_13906.wav,Asian Koel,test,0
xc192034_65174.wav,Common Iora,test,2
xc631904_3905.wav,Collared Kingfisher,test,1
xc893845_21365.wav,Asian Koel,test,0
xc809701_54561.wav,Large-tailed Nightjar,test,5
xc498804_3364.wav,White-throated Kingfisher,test,10
xc604692_28641.wav,Large-tailed Nightjar,test,5
xc620793_18284.wav,White-throated Kingfisher,test,10
xc892924_59440.wav,Pied Fantail,test,7
xc864598_46403.wav,Common Tailorbird,test,3
xc151135_12240.wav,Collared Kingfisher,test,1
xc588920_58565.wav,Large-tailed Nightjar,test,5
xc893845_45500.wav,Asian Koel,test,0
xc1073299_23748.wav,Olive-backed Sunbird,test,6
xc516019_17362.wav,Yellow-vented Bulbul,test,11
xc345157_16501.wav,Yellow-vented Bulbul,test,11
xc897997_21000.wav,Common Tailorbird,test,3
xc23824_20639.wav,Spotted Dove,test,8
xc788027_13625.wav,Olive-backed Sunbird,test,6
xc646768_12757.wav,Spotted Dove,test,8
xc956441_15108.wav,White-breasted Waterhen,test,9
xc1070498_27087.wav,Olive-backed Sunbird,test,6
xc863038_9927.wav,Pied Fantail,test,7
xc622986_75809.wav,Coppersmith Barbet,test,4
xc989503_9647.wav,Large-tailed Nightjar,test,5
xc359636_3603.wav,Olive-backed Sunbird,test,6
xc507746_10019.wav,White-throated Kingfisher,test,10
xc923018_20919.wav,Asian Koel,test,0
xc531533_0.wav,Coppersmith Barbet,test,4
xc362355_0.wav,Coppersmith Barbet,test,4
xc1000900_40770.wav,White-breasted Waterhen,test,9
xc370329_3648.wav,Common Tailorbird,test,3
xc459293_21251.wav,Coppersmith Barbet,test,4
xc709128_14.wav,White-breasted Waterhen,test,9
xc978648_28103.wav,Spotted Dove,test,8
xc359360_16443.wav,Pied Fantail,test,7
xc1073299_37565.wav,Olive-backed Sunbird,test,6
xc999426_16033.wav,Common Iora,test,2
xc780998_4706.wav,Pied Fantail,test,7
xc395142_21062.wav,Large-tailed Nightjar,test,5
xc41732_6352.wav,Common Iora,test,2
xc370329_35653.wav,Common Tailorbird,test,3
xc756513_16994.wav,Yellow-vented Bulbul,test,11
xc978648_46476.wav,Spotted Dove,test,8
xc604692_2997.wav,Large-tailed Nightjar,test,5
xc809701_36894.wav,Large-tailed Nightjar,test,5
xc44935_200.wav,Spotted Dove,test,8
xc86946_32807.wav,Collared Kingfisher,test,1
xc86946_25007.wav,Collared Kingfisher,test,1
xc498804_16903.wav,White-throated Kingfisher,test,10
xc192034_155.wav,Common Iora,test,2
xc107387_11266.wav,White-throated Kingfisher,test,10
xc788027_10625.wav,Olive-backed Sunbird,test,6
xc978648_4809.wav,Spotted Dove,test,8
xc989503_6447.wav,Large-tailed Nightjar,test,5
xc938720_9296.wav,Olive-backed Sunbird,test,6
xc491960_37606.wav,Yellow-vented Bulbul,test,11
xc311314_16958.wav,White-throated Kingfisher,test,10
xc69653_24783.wav,Collared Kingfisher,test,1
xc459293_2938.wav,Coppersmith Barbet,test,4
xc86946_20251.wav,Collared Kingfisher,test,1
xc864598_29149.wav,Common Tailorbird,test,3
xc311307_8591.wav,White-throated Kingfisher,test,10
xc359360_3701.wav,Pied Fantail,test,7
xc895676_23510.wav,Large-tailed Nightjar,test,5
xc788672_869.wav,Asian Koel,test,0
xc707530_12222.wav,Common Iora,test,2
xc717550_12125.wav,Asian Koel,test,0
xc399064_22871.wav,Pied Fantail,test,7
xc620129_8801.wav,Coppersmith Barbet,test,4
xc319817_4454.wav,White-throated Kingfisher,test,10
xc23824_30990.wav,Spotted Dove,test,8
xc290642_11768.wav,Yellow-vented Bulbul,test,11
xc447292_14969.wav,White-breasted Waterhen,test,9
xc788191_171.wav,Olive-backed Sunbird,test,6
xc192034_21264.wav,Common Iora,test,2
xc588920_51895.wav,Large-tailed Nightjar,test,5
xc23824_25830.wav,Spotted Dove,test,8
xc311307_14120.wav,White-throated Kingfisher,test,10
xc764940_37053.wav,White-breasted Waterhen,test,9
xc586266_34132.wav,Pied Fantail,test,7
xc711892_6528.wav,White-breasted Waterhen,test,9
xc359360_52045.wav,Pied Fantail,test,7
xc646768_16563.wav,Spotted Dove,test,8
xc177320_36690.wav,Collared Kingfisher,test,1
xc897997_3000.wav,Common Tailorbird,test,3
xc842682_0.wav,Yellow-vented Bulbul,test,11
xc864598_11994.wav,Common Tailorbird,test,3
xc400194_30872.wav,Asian Koel,test,0
xc834664_41137.wav,Common Tailorbird,test,3
xc987391_4544.wav,White-throated Kingfisher,test,10
xc942415_30724.wav,White-throated Kingfisher,test,10
xc892924_39086.wav,Pied Fantail,test,7
xc516019_21421.wav,Yellow-vented Bulbul,test,11
xc598139_6942.wav,Collared Kingfisher,test,1
xc559887_643.wav,Common Tailorbird,test,3
xc891820_48838.wav,Common Iora,test,2
xc370329_23944.wav,Common Tailorbird,test,3
xc999426_6006.wav,Common Iora,test,2
xc809701_13532.wav,Large-tailed Nightjar,test,5
xc891820_22179.wav,Common Iora,test,2
xc834664_47432.wav,Common Tailorbird,test,3
xc192034_40482.wav,Common Iora,test,2
xc86946_10595.wav,Collared Kingfisher,test,1
xc987139_3093.wav,Coppersmith Barbet,test,4
xc842682_8748.wav,Yellow-vented Bulbul,test,11
xc370329_453.wav,Common Tailorbird,test,3
xc987139_9211.wav,Coppersmith Barbet,test,4
xc41732_88.wav,Common Iora,test,2
xc942415_15109.wav,White-throated Kingfisher,test,10
xc783972_16729.wav,Spotted Dove,test,8
xc996617_12792.wav,White-breasted Waterhen,test,9
xc938720_15.wav,Olive-backed Sunbird,test,6
xc598139_3777.wav,Collared Kingfisher,test,1
xc177320_26661.wav,Collared Kingfisher,test,1
xc1000900_4884.wav,White-breasted Waterhen,test,9
xc290642_37649.wav,Yellow-vented Bulbul,test,11
xc1070587_0.wav,Large-tailed Nightjar,test,5
xc764942_61561.wav,White-breasted Waterhen,test,9
xc44935_12806.wav,Spotted Dove,test,8
xc86946_41338.wav,Collared Kingfisher,test,1
xc938454_31596.wav,Common Iora,test,2
xc892780_4343.wav,Large-tailed Nightjar,test,5
xc996617_22726.wav,White-breasted Waterhen,test,9
xc192034_34858.wav,Common Iora,test,2
xc311312_118.wav,White-throated Kingfisher,test,10
xc710631_11852.wav,Spotted Dove,test,8
xc863038_18834.wav,Pied Fantail,test,7
xc788027_21.wav,Olive-backed Sunbird,test,6
xc620129_13119.wav,Coppersmith Barbet,test,4
xc987391_7681.wav,White-throated Kingfisher,test,10
xc460175_7473.wav,Common Tailorbird,test,3
xc345157_6354.wav,Yellow-vented Bulbul,test,11
xc1069296_0.wav,Yellow-vented Bulbul,test,11
xc1006537_725.wav,White-breasted Waterhen,test,9
xc891329_6451.wav,Asian Koel,test,0
xc507753_3402.wav,Coppersmith Barbet,test,4
xc809701_6820.wav,Large-tailed Nightjar,test,5
xc448094_23393.wav,Collared Kingfisher,test,1
xc891820_35438.wav,Common Iora,test,2
xc395142_8322.wav,Large-tailed Nightjar,test,5
xc266476_4305.wav,Collared Kingfisher,test,1
xc710631_8852.wav,Spotted Dove,test,8
xc507751_41378.wav,White-throated Kingfisher,test,10
xc978648_40426.wav,Spotted Dove,test,8
xc938454_25608.wav,Common Iora,test,2
xc646768_33384.wav,Spotted Dove,test,8
xc941384_24234.wav,Coppersmith Barbet,test,4
xc994391_57379.wav,Spotted Dove,test,8
xc834664_458.wav,Common Tailorbird,test,3
xc511255_13546.wav,Yellow-vented Bulbul,test,11
xc290642_19961.wav,Yellow-vented Bulbul,test,11
xc893845_36468.wav,Asian Koel,test,0
xc438462_39786.wav,Olive-backed Sunbird,test,6
xc491960_46514.wav,Yellow-vented Bulbul,test,11
xc290642_8711.wav,Yellow-vented Bulbul,test,11
xc588920_42663.wav,Large-tailed Nightjar,test,5
xc764942_11614.wav,White-breasted Waterhen,test,9
xc789091_2174.wav,Coppersmith Barbet,test,4
xc359636_603.wav,Olive-backed Sunbird,test,6
xc86946_86.wav,Collared Kingfisher,test,1
xc879487_35351.wav,Spotted Dove,test,8
xc864598_55614.wav,Common Tailorbird,test,3
xc999426_22455.wav,Common Iora,test,2
xc897996_9000.wav,White-throated Kingfisher,test,10
xc94171_0.wav,Large-tailed Nightjar,test,5
xc788027_7625.wav,Olive-backed Sunbird,test,6
xc646768_27543.wav,Spotted Dove,test,8
xc362355_3214.wav,Coppersmith Barbet,test,4
xc999426_19226.wav,Common Iora,test,2
xc23897_55314.wav,Pied Fantail,test,7
xc491960_28487.wav,Yellow-vented Bulbul,test,11
xc987139_12347.wav,Coppersmith Barbet,test,4
xc631904_66178.wav,Collared Kingfisher,test,1
xc311314_271.wav,White-throated Kingfisher,test,10
xc879487_25427.wav,Spotted Dove,test,8
xc1000900_11642.wav,White-breasted Waterhen,test,9
xc311312_3751.wav,White-throated Kingfisher,test,10
xc598139_10000.wav,Collared Kingfisher,test,1
xc53860_4050.wav,Coppersmith Barbet,test,4
xc810644_5758.wav,Large-tailed Nightjar,test,5
xc949668_6924.wav,Asian Koel,test,0
xc442340_37384.wav,Common Tailorbird,test,3
xc395142_18062.wav,Large-tailed Nightjar,test,5
xc788027_16625.wav,Olive-backed Sunbird,test,6
xc764940_753.wav,White-breasted Waterhen,test,9
xc507751_29316.wav,White-throated Kingfisher,test,10
xc756514_37825.wav,Yellow-vented Bulbul,test,11
xc447292_29127.wav,White-breasted Waterhen,test,9
xc442340_34026.wav,Common Tailorbird,test,3
xc491960_53415.wav,Yellow-vented Bulbul,test,11
xc942415_3116.wav,White-throated Kingfisher,test,10
xc892924_10172.wav,Pied Fantail,test,7
xc879487_6369.wav,Spotted Dove,test,8
xc746299_0.wav,Olive-backed Sunbird,test,6
xc400194_34567.wav,Asian Koel,test,0
xc1070587_6457.wav,Large-tailed Nightjar,test,5
xc370329_16828.wav,Common Tailorbird,test,3
xc187028_1391.wav,Coppersmith Barbet,test,4
xc516019_5324.wav,Yellow-vented Bulbul,test,11
xc895676_28600.wav,Large-tailed Nightjar,test,5
xc809701_19532.wav,Large-tailed Nightjar,test,5
xc394872_4565.wav,White-breasted Waterhen,test,9
xc370329_31532.wav,Common Tailorbird,test,3
xc897997_12000.wav,Common Tailorbird,test,3
xc498804_19903.wav,White-throated Kingfisher,test,10
xc177320_23661.wav,Collared Kingfisher,test,1
xc879487_22143.wav,Spotted Dove,test,8
xc620129_16231.wav,Coppersmith Barbet,test,4
xc891820_57235.wav,Common Iora,test,2
xc447292_24134.wav,White-breasted Waterhen,test,9
xc864598_37682.wav,Common Tailorbird,test,3
xc893845_51161.wav,Asian Koel,test,0
xc23897_6629.wav,Pied Fantail,test,7
xc459293_14620.wav,Coppersmith Barbet,test,4
xc809701_820.wav,Large-tailed Nightjar,test,5
xc764942_5614.wav,White-breasted Waterhen,test,9
xc620129_20927.wav,Coppersmith Barbet,test,4
xc743612_17203.wav,Asian Koel,test,0
xc956424_59713.wav,White-breasted Waterhen,test,9
xc53860_7147.wav,Coppersmith Barbet,test,4
xc151135_15358.wav,Collared Kingfisher,test,1
xc86946_29512.wav,Collared Kingfisher,test,1
xc460175_22836.wav,Common Tailorbird,test,3
xc531533_20924.wav,Coppersmith Barbet,test,4
xc459293_35172.wav,Coppersmith Barbet,test,4
xc810644_8834.wav,Large-tailed Nightjar,test,5
xc370329_20785.wav,Common Tailorbird,test,3
xc1073299_17930.wav,Olive-backed Sunbird,test,6
xc511255_43924.wav,Yellow-vented Bulbul,test,11
xc941384_12768.wav,Coppersmith Barbet,test,4
xc788672_27700.wav,Asian Koel,test,0
xc511255_72161.wav,Yellow-vented Bulbul,test,11
xc923018_18576.wav,Asian Koel,test,0
xc177320_33690.wav,Collared Kingfisher,test,1
xc560109_85.wav,Asian Koel,test,0
xc23824_8154.wav,Spotted Dove,test,8
xc711892_3528.wav,White-breasted Waterhen,test,9
xc290642_619.wav,Yellow-vented Bulbul,test,11
xc620793_3284.wav,White-throated Kingfisher,test,10
xc620129_3544.wav,Coppersmith Barbet,test,4
xc764940_3753.wav,White-breasted Waterhen,test,9
xc746299_21132.wav,Olive-backed Sunbird,test,6
xc151628_9156.wav,Yellow-vented Bulbul,test,11
xc991460_8065.wav,Yellow-vented Bulbul,test,11
xc879487_14965.wav,Spotted Dove,test,8
xc956441_9108.wav,White-breasted Waterhen,test,9
xc86946_6653.wav,Collared Kingfisher,test,1
xc442340_0.wav,Common Tailorbird,test,3
xc177320_6341.wav,Collared Kingfisher,test,1
xc26253_20158.wav,Common Iora,test,2
xc788191_12000.wav,Olive-backed Sunbird,test,6
xc956424_50458.wav,White-breasted Waterhen,test,9
xc511255_4546.wav,Yellow-vented Bulbul,test,11
xc879487_28493.wav,Spotted Dove,test,8
xc994391_24845.wav,Spotted Dove,test,8
xc764942_26105.wav,White-breasted Waterhen,test,9
xc53860_10260.wav,Coppersmith Barbet,test,4
xc891820_84774.wav,Common Iora,test,2
xc588920_17935.wav,Large-tailed Nightjar,test,5
xc359636_9603.wav,Olive-backed Sunbird,test,6
xc459293_32172.wav,Coppersmith Barbet,test,4
xc511255_10546.wav,Yellow-vented Bulbul,test,11
xc646768_36851.wav,Spotted Dove,test,8
xc938746_23577.wav,Pied Fantail,test,7
xc709128_3000.wav,White-breasted Waterhen,test,9
xc994391_14637.wav,Spotted Dove,test,8
xc938454_39361.wav,Common Iora,test,2
xc746297_11524.wav,Olive-backed Sunbird,test,6
xc863038_32685.wav,Pied Fantail,test,7
xc956424_32544.wav,White-breasted Waterhen,test,9
xc362355_10606.wav,Coppersmith Barbet,test,4
xc746299_12000.wav,Olive-backed Sunbird,test,6
xc991421_10500.wav,Olive-backed Sunbird,test,6
xc198430_16762.wav,Common Iora,test,2
xc994391_49874.wav,Spotted Dove,test,8
xc879487_11580.wav,Spotted Dove,test,8
xc620793_284.wav,White-throated Kingfisher,test,10
xc788672_30707.wav,Asian Koel,test,0
xc516019_8810.wav,Yellow-vented Bulbul,test,11
xc864598_457.wav,Common Tailorbird,test,3
xc710631_17852.wav,Spotted Dove,test,8
xc891820_522.wav,Common Iora,test,2
xc987391_1534.wav,White-throated Kingfisher,test,10
xc991460_2962.wav,Yellow-vented Bulbul,test,11
xc507751_10745.wav,White-throated Kingfisher,test,10
xc507751_22368.wav,White-throated Kingfisher,test,10
xc710631_14852.wav,Spotted Dove,test,8
xc23824_936.wav,Spotted Dove,test,8
xc460175_12539.wav,Common Tailorbird,test,3
xc892780_7695.wav,Large-tailed Nightjar,test,5
xc897997_6000.wav,Common Tailorbird,test,3
xc586266_10518.wav,Pied Fantail,test,7
xc991443_3445.wav,White-breasted Waterhen,test,9
xc788027_19625.wav,Olive-backed Sunbird,test,6
xc69653_13852.wav,Collared Kingfisher,test,1
xc394872_8513.wav,White-breasted Waterhen,test,9
xc764942_32105.wav,White-breasted Waterhen,test,9
xc646768_4298.wav,Spotted Dove,test,8
xc991443_8917.wav,White-breasted Waterhen,test,9
xc290642_3807.wav,Yellow-vented Bulbul,test,11
xc345157_12555.wav,Yellow-vented Bulbul,test,11
xc588920_78616.wav,Large-tailed Nightjar,test,5
xc895676_8999.wav,Large-tailed Nightjar,test,5
xc891820_27683.wav,Common Iora,test,2
xc516019_2040.wav,Yellow-vented Bulbul,test,11
xc438462_27035.wav,Olive-backed Sunbird,test,6
xc531533_13962.wav,Coppersmith Barbet,test,4
xc588920_34936.wav,Large-tailed Nightjar,test,5
xc588920_74671.wav,Large-tailed Nightjar,test,5
xc938746_32281.wav,Pied Fantail,test,7
xc78433_9562.wav,Asian Koel,test,0
xc177320_20213.wav,Collared Kingfisher,test,1
xc956424_62844.wav,White-breasted Waterhen,test,9
xc956424_43470.wav,White-breasted Waterhen,test,9
xc359636_21603.wav,Olive-backed Sunbird,test,6
xc216355_1786.wav,Olive-backed Sunbird,test,6
xc996617_34660.wav,White-breasted Waterhen,test,9
xc192034_9526.wav,Common Iora,test,2
xc491960_18963.wav,Yellow-vented Bulbul,test,11
xc107387_0.wav,White-throated Kingfisher,test,10
xc198430_8435.wav,Common Iora,test,2
xc991443_12345.wav,White-breasted Waterhen,test,9
xc809701_22532.wav,Large-tailed Nightjar,test,5
xc938720_3015.wav,Olive-backed Sunbird,test,6
xc311314_3990.wav,White-throated Kingfisher,test,10
xc359636_27603.wav,Olive-backed Sunbird,test,6
xc756514_3881.wav,Yellow-vented Bulbul,test,11
xc1070498_38098.wav,Olive-backed Sunbird,test,6
xc709128_6092.wav,White-breasted Waterhen,test,9
xc764940_32767.wav,White-breasted Waterhen,test,9
xc359636_15603.wav,Olive-backed Sunbird,test,6
xc620129_124.wav,Coppersmith Barbet,test,4
xc938454_10179.wav,Common Iora,test,2
xc399064_106044.wav,Pied Fantail,test,7
xc26253_33000.wav,Common Iora,test,2
xc895676_37586.wav,Large-tailed Nightjar,test,5
xc746299_29079.wav,Olive-backed Sunbird,test,6
xc743612_426.wav,Asian Koel,test,0
xc923018_9117.wav,Asian Koel,test,0
xc23897_58314.wav,Pied Fantail,test,7
xc151135_9088.wav,Collared Kingfisher,test,1
xc897997_18000.wav,Common Tailorbird,test,3
xc604692_7257.wav,Large-tailed Nightjar,test,5
xc987139_6093.wav,Coppersmith Barbet,test,4
xc892924_66627.wav,Pied Fantail,test,7
xc345157_20600.wav,Yellow-vented Bulbul,test,11
xc78433_14509.wav,Asian Koel,test,0
xc151135_4461.wav,Collared Kingfisher,test,1
xc438462_46119.wav,Olive-backed Sunbird,test,6
xc893845_27411.wav,Asian Koel,test,0
xc359636_6603.wav,Olive-backed Sunbird,test,6
xc994391_54229.wav,Spotted Dove,test,8
xc892780_11098.wav,Large-tailed Nightjar,test,5
xc94171_9155.wav,Large-tailed Nightjar,test,5
xc999426_3003.wav,Common Iora,test,2
xc311312_13196.wav,White-throated Kingfisher,test,10
xc788672_20704.wav,Asian Koel,test,0
xc507746_441.wav,White-throated Kingfisher,test,10
xc764940_24761.wav,White-breasted Waterhen,test,9
xc359360_35853.wav,Pied Fantail,test,7
xc26253_40204.wav,Common Iora,test,2
xc560109_14119.wav,Asian Koel,test,0
xc923018_6612.wav,Asian Koel,test,0
xc743612_7450.wav,Asian Koel,test,0
xc362355_6891.wav,Coppersmith Barbet,test,4
xc942415_36766.wav,White-throated Kingfisher,test,10
xc86946_13974.wav,Collared Kingfisher,test,1
xc150798_0.wav,Pied Fantail,test,7
xc511255_0.wav,Yellow-vented Bulbul,test,11
xc507753_13300.wav,Coppersmith Barbet,test,4
xc511255_36544.wav,Yellow-vented Bulbul,test,11
xc892780_1070.wav,Large-tailed Nightjar,test,5
xc396952_496.wav,Yellow-vented Bulbul,test,11
xc783972_36060.wav,Spotted Dove,test,8
xc507746_3446.wav,White-throated Kingfisher,test,10
xc359360_56823.wav,Pied Fantail,test,7
xc978648_8244.wav,Spotted Dove,test,8
xc834664_62506.wav,Common Tailorbird,test,3
xc460175_36148.wav,Common Tailorbird,test,3
xc863038_1072.wav,Pied Fantail,test,7
xc26253_12640.wav,Common Iora,test,2
xc460175_29256.wav,Common Tailorbird,test,3
xc31437_143.wav,Pied Fantail,test,7
xc892924_1015.wav,Pied Fantail,test,7
xc177320_3317.wav,Collared Kingfisher,test,1
xc864598_17095.wav,Common Tailorbird,test,3
xc588920_22206.wav,Large-tailed Nightjar,test,5
xc311314_10694.wav,White-throated Kingfisher,test,10
xc788191_14999.wav,Olive-backed Sunbird,test,6
xc938746_1161.wav,Pied Fantail,test,7
xc991421_17036.wav,Olive-backed Sunbird,test,6
xc604692_15127.wav,Large-tailed Nightjar,test,5
xc631904_59359.wav,Collared Kingfisher,test,1
xc783972_12055.wav,Spotted Dove,test,8
xc711892_528.wav,White-breasted Waterhen,test,9
xc622986_17759.wav,Coppersmith Barbet,test,4
xc498804_7021.wav,White-throated Kingfisher,test,10
xc631904_20881.wav,Collared Kingfisher,test,1
xc923018_16264.wav,Asian Koel,test,0
xc151628_3000.wav,Yellow-vented Bulbul,test,11
xc447292_3150.wav,White-breasted Waterhen,test,9
xc588920_83559.wav,Large-tailed Nightjar,test,5
xc942415_45382.wav,White-throated Kingfisher,test,10
xc994391_35646.wav,Spotted Dove,test,8
xc442340_28981.wav,Common Tailorbird,test,3
xc460175_32606.wav,Common Tailorbird,test,3
xc559887_8734.wav,Common Tailorbird,test,3
xc989503_3040.wav,Large-tailed Nightjar,test,5
xc507753_24321.wav,Coppersmith Barbet,test,4
xc399064_94659.wav,Pied Fantail,test,7
xc507753_9118.wav,Coppersmith Barbet,test,4
xc999426_31712.wav,Common Iora,test,2
xc448094_487.wav,Collared Kingfisher,test,1
xc460175_40540.wav,Common Tailorbird,test,3
xc622986_38025.wav,Coppersmith Barbet,test,4
xc491960_22849.wav,Yellow-vented Bulbul,test,11
xc743612_12247.wav,Asian Koel,test,0
xc724541_855.wav,Collared Kingfisher,test,1
xc938720_15345.wav,Olive-backed Sunbird,test,6
xc151135_28908.wav,Collared Kingfisher,test,1
xc448094_12809.wav,Collared Kingfisher,test,1
xc864598_33505.wav,Common Tailorbird,test,3
xc991421_4120.wav,Olive-backed Sunbird,test,6
xc764940_19343.wav,White-breasted Waterhen,test,9
xc107387_21056.wav,White-throated Kingfisher,test,10
xc987139_93.wav,Coppersmith Barbet,test,4
xc198430_20980.wav,Common Iora,test,2
xc994391_15.wav,Spotted Dove,test,8
xc507753_402.wav,Coppersmith Barbet,test,4
xc783972_44009.wav,Spotted Dove,test,8
xc370329_10383.wav,Common Tailorbird,test,3
xc891820_16172.wav,Common Iora,test,2
xc938746_20271.wav,Pied Fantail,test,7
xc892924_17603.wav,Pied Fantail,test,7
xc78433_1818.wav,Asian Koel,test,0
xc978648_23493.wav,Spotted Dove,test,8
xc893845_30446.wav,Asian Koel,test,0
xc620793_6772.wav,White-throated Kingfisher,test,10
xc290642_16444.wav,Yellow-vented Bulbul,test,11
xc1070498_6294.wav,Olive-backed Sunbird,test,6
xc209214_5220.wav,White-throated Kingfisher,test,10
xc764940_8475.wav,White-breasted Waterhen,test,9
xc107387_25823.wav,White-throated Kingfisher,test,10
xc788672_23900.wav,Asian Koel,test,0
xc586266_3970.wav,Pied Fantail,test,7
xc892924_46908.wav,Pied Fantail,test,7
xc879487_31922.wav,Spotted Dove,test,8
xc834664_7046.wav,Common Tailorbird,test,3
xc177320_317.wav,Collared Kingfisher,test,1
xc646768_0.wav,Spotted Dove,test,8
xc620793_15284.wav,White-throated Kingfisher,test,10
xc942415_42070.wav,White-throated Kingfisher,test,10
xc631904_33419.wav,Collared Kingfisher,test,1
xc891329_9541.wav,Asian Koel,test,0
xc891820_10627.wav,Common Iora,test,2
xc447292_11834.wav,White-breasted Waterhen,test,9
xc359360_65642.wav,Pied Fantail,test,7
xc897996_15000.wav,White-throated Kingfisher,test,10
xc498804_0.wav,White-throated Kingfisher,test,10
xc516019_14036.wav,Yellow-vented Bulbul,test,11
xc893845_42489.wav,Asian Koel,test,0
xc1000900_30234.wav,White-breasted Waterhen,test,9
xc311314_6990.wav,White-throated Kingfisher,test,10
xc978648_19659.wav,Spotted Dove,test,8
xc607605_2260.wav,Yellow-vented Bulbul,test,11
xc319817_1044.wav,White-throated Kingfisher,test,10
xc438462_30355.wav,Olive-backed Sunbird,test,6
xc586266_26052.wav,Pied Fantail,test,7
xc345157_3296.wav,Yellow-vented Bulbul,test,11
xc897997_24000.wav,Common Tailorbird,test,3
xc447292_36999.wav,White-breasted Waterhen,test,9
xc507746_6451.wav,White-throated Kingfisher,test,10
xc442340_41257.wav,Common Tailorbird,test,3
xc893845_39478.wav,Asian Koel,test,0
xc938454_17305.wav,Common Iora,test,2
xc879487_3369.wav,Spotted Dove,test,8
xc319817_7726.wav,White-throated Kingfisher,test,10
xc996617_29167.wav,White-breasted Waterhen,test,9
xc305691_1164.wav,Asian Koel,test,0
xc69653_6371.wav,Collared Kingfisher,test,1
xc400194_13915.wav,Asian Koel,test,0
xc938746_41615.wav,Pied Fantail,test,7
xc646768_19903.wav,Spotted Dove,test,8
xc764942_0.wav,White-breasted Waterhen,test,9
xc198430_31577.wav,Common Iora,test,2
xc631904_13463.wav,Collared Kingfisher,test,1
xc978648_1795.wav,Spotted Dove,test,8
xc531533_10453.wav,Coppersmith Barbet,test,4
xc531533_17386.wav,Coppersmith Barbet,test,4
xc999426_26460.wav,Common Iora,test,2
xc399064_118314.wav,Pied Fantail,test,7
xc491960_423.wav,Yellow-vented Bulbul,test,11
xc746299_6000.wav,Olive-backed Sunbird,test,6
xc1070587_9635.wav,Large-tailed Nightjar,test,5
xc620793_21284.wav,White-throated Kingfisher,test,10
xc746299_41751.wav,Olive-backed Sunbird,test,6
xc151135_1442.wav,Collared Kingfisher,test,1
xc94171_19795.wav,Large-tailed Nightjar,test,5
xc399064_48842.wav,Pied Fantail,test,7
xc746299_35306.wav,Olive-backed Sunbird,test,6
xc586266_970.wav,Pied Fantail,test,7
xc498804_13176.wav,White-throated Kingfisher,test,10
xc892924_75428.wav,Pied Fantail,test,7
xc788027_4625.wav,Olive-backed Sunbird,test,6
xc511255_19546.wav,Yellow-vented Bulbul,test,11
xc707530_344.wav,Common Iora,test,2
xc151135_18642.wav,Collared Kingfisher,test,1
xc531533_6926.wav,Coppersmith Barbet,test,4
xc891329_249.wav,Asian Koel,test,0
xc622986_32538.wav,Coppersmith Barbet,test,4
xc460175_1126.wav,Common Tailorbird,test,3
xc743612_28701.wav,Asian Koel,test,0
xc192034_26545.wav,Common Iora,test,2
xc507753_41198.wav,Coppersmith Barbet,test,4
xc809701_28672.wav,Large-tailed Nightjar,test,5
xc395142_15062.wav,Large-tailed Nightjar,test,5
xc631904_55708.wav,Collared Kingfisher,test,1
xc956441_4736.wav,White-breasted Waterhen,test,9
xc396952_4625.wav,Yellow-vented Bulbul,test,11
xc26253_464.wav,Common Iora,test,2
xc311307_441.wav,White-throated Kingfisher,test,10
xc897997_0.wav,Common Tailorbird,test,3
xc892924_25418.wav,Pied Fantail,test,7
xc78433_5583.wav,Asian Koel,test,0
xc399064_36162.wav,Pied Fantail,test,7
xc756514_47621.wav,Yellow-vented Bulbul,test,11
xc177320_11220.wav,Collared Kingfisher,test,1
xc359360_69055.wav,Pied Fantail,test,7
xc151135_31943.wav,Collared Kingfisher,test,1
xc999426_9179.wav,Common Iora,test,2
xc151135_35045.wav,Collared Kingfisher,test,1
xc44845_373.wav,Coppersmith Barbet,test,4
xc783972_23030.wav,Spotted Dove,test,8
xc996617_860.wav,White-breasted Waterhen,test,9
xc897997_15000.wav,Common Tailorbird,test,3
xc994391_30141.wav,Spotted Dove,test,8
xc192034_18264.wav,Common Iora,test,2
xc788027_28625.wav,Olive-backed Sunbird,test,6
xc938454_818.wav,Common Iora,test,2
xc399064_79846.wav,Pied Fantail,test,7
xc788672_33713.wav,Asian Koel,test,0
xc978648_32181.wav,Spotted Dove,test,8
xc198430_3714.wav,Common Iora,test,2
xc78433_33668.wav,Asian Koel,test,0
xc192034_57884.wav,Common Iora,test,2
xc86946_36707.wav,Collared Kingfisher,test,1
xc459293_25685.wav,Coppersmith Barbet,test,4
xc560109_4384.wav,Asian Koel,test,0
xc442340_24412.wav,Common Tailorbird,test,3
xc26253_7092.wav,Common Iora,test,2
xc963968_170.wav,Large-tailed Nightjar,test,5
xc788191_18083.wav,Olive-backed Sunbird,test,6
xc942415_26226.wav,White-throated Kingfisher,test,10
xc764942_20105.wav,White-breasted Waterhen,test,9
xc1069296_7315.wav,Yellow-vented Bulbul,test,11
xc991443_16862.wav,White-breasted Waterhen,test,9
xc788027_25625.wav,Olive-backed Sunbird,test,6
xc399064_10649.wav,Pied Fantail,test,7
xc834664_82237.wav,Common Tailorbird,test,3
xc44845_7250.wav,Coppersmith Barbet,test,4
xc198430_28525.wav,Common Iora,test,2
xc938454_5469.wav,Common Iora,test,2
xc586266_16505.wav,Pied Fantail,test,7
xc897997_9000.wav,Common Tailorbird,test,3
xc724541_3854.wav,Collared Kingfisher,test,1
xc107387_29765.wav,White-throated Kingfisher,test,10
xc783972_0.wav,Spotted Dove,test,8
xc620793_10289.wav,White-throated Kingfisher,test,10
xc107387_6344.wav,White-throated Kingfisher,test,10
xc1070587_3000.wav,Large-tailed Nightjar,test,5
xc107387_3000.wav,White-throated Kingfisher,test,10
xc394872_289.wav,White-breasted Waterhen,test,9
xc937959_23663.wav,Yellow-vented Bulbul,test,11
xc161195_138.wav,Asian Koel,test,0
xc266476_857.wav,Collared Kingfisher,test,1
xc756514_881.wav,Yellow-vented Bulbul,test,11
xc938720_12321.wav,Olive-backed Sunbird,test,6
xc788027_22625.wav,Olive-backed Sunbird,test,6
xc834664_59106.wav,Common Tailorbird,test,3
xc311314_13958.wav,White-throated Kingfisher,test,10
xc923018_11593.wav,Asian Koel,test,0
xc26253_27464.wav,Common Iora,test,2
xc746299_9000.wav,Olive-backed Sunbird,test,6
xc622986_25104.wav,Coppersmith Barbet,test,4
xc311312_8003.wav,White-throated Kingfisher,test,10
xc756513_2085.wav,Yellow-vented Bulbul,test,11
xc266954_6371.wav,Common Iora,test,2
xc895676_33671.wav,Large-tailed Nightjar,test,5
xc447292_18499.wav,White-breasted Waterhen,test,9
xc743612_24582.wav,Asian Koel,test,0
xc756514_50622.wav,Yellow-vented Bulbul,test,11
xc198430_12851.wav,Common Iora,test,2
xc764940_11467.wav,White-breasted Waterhen,test,9
xc942415_22556.wav,White-throated Kingfisher,test,10
xc438462_21355.wav,Olive-backed Sunbird,test,6
xc996617_6741.wav,White-breasted Waterhen,test,9
xc78433_18935.wav,Asian Koel,test,0
xc622986_0.wav,Coppersmith Barbet,test,4
xc448094_9803.wav,Collared Kingfisher,test,1
xc631904_17731.wav,Collared Kingfisher,test,1
xc559887_4295.wav,Common Tailorbird,test,3
xc622986_5575.wav,Coppersmith Barbet,test,4
xc891820_4982.wav,Common Iora,test,2
xc631904_44256.wav,Collared Kingfisher,test,1
xc764940_40465.wav,White-breasted Waterhen,test,9
xc588920_30476.wav,Large-tailed Nightjar,test,5
xc607605_0.wav,Yellow-vented Bulbul,test,11
xc23897_62303.wav,Pied Fantail,test,7
xc370329_13651.wav,Common Tailorbird,test,3
xc290642_23018.wav,Yellow-vented Bulbul,test,11
xc743612_3495.wav,Asian Koel,test,0
xc764942_8614.wav,White-breasted Waterhen,test,9
xc442340_6876.wav,Common Tailorbird,test,3
xc989503_40.wav,Large-tailed Nightjar,test,5
xc359636_24603.wav,Olive-backed Sunbird,test,6
xc399064_129994.wav,Pied Fantail,test,7
xc834664_37703.wav,Common Tailorbird,test,3
xc447292_8404.wav,White-breasted Waterhen,test,9
xc892780_14340.wav,Large-tailed Nightjar,test,5
xc893845_24400.wav,Asian Koel,test,0
xc442340_44396.wav,Common Tailorbird,test,3
xc187664_8645.wav,White-throated Kingfisher,test,10
xc864598_8115.wav,Common Tailorbird,test,3
xc531533_3463.wav,Coppersmith Barbet,test,4
xc938746_46473.wav,Pied Fantail,test,7
xc956441_380.wav,White-breasted Waterhen,test,9
xc345157_9429.wav,Yellow-vented Bulbul,test,11
xc395142_12062.wav,Large-tailed Nightjar,test,5
xc198430_0.wav,Common Iora,test,2
xc359360_32851.wav,Pied Fantail,test,7
xc891329_3307.wav,Asian Koel,test,0
xc498804_10021.wav,White-throated Kingfisher,test,10
xc938454_34910.wav,Common Iora,test,2
xc893845_33457.wav,Asian Koel,test,0
xc370329_28065.wav,Common Tailorbird,test,3
xc26253_45506.wav,Common Iora,test,2
xc631904_7332.wav,Collared Kingfisher,test,1
xc991421_13500.wav,Olive-backed Sunbird,test,6
xc359636_18603.wav,Olive-backed Sunbird,test,6
xc69653_19851.wav,Collared Kingfisher,test,1
xc938454_21277.wav,Common Iora,test,2
xc448094_29326.wav,Collared Kingfisher,test,1
xc151628_0.wav,Yellow-vented Bulbul,test,11
xc897996_6000.wav,White-throated Kingfisher,test,10
xc938454_42914.wav,Common Iora,test,2
xc788672_36720.wav,Asian Koel,test,0
xc198430_25013.wav,Common Iora,test,2
xc345157_0.wav,Yellow-vented Bulbul,test,11
